"r.squared","adj.r.squared","sigma","statistic","p.value","df","logLik","AIC","BIC","deviance","df.residual","nobs","model"
0.128189274697761,0.127631137229578,8.53441745544996,229.673300943259,0.00000000000000000000000000000000000000000000000165569316427199,1,-5571.60273088256,11149.2054617651,11165.2704675284,113770.271396675,1562,1564,"M1_bivariate"
0.459776175076711,0.454101555067012,7.0444108840473,81.0232534144865,0.000000000000000000000000000000000000000000000000000000000000196882912499735,5,-1621.8865830289,3257.77316605779,3287.01877485615,23620.8929587632,476,482,"M2_controls"
0.86564242572716,0.810480958283765,4.15064104777555,15.6928824748083,0.0000000000000000000000000000000000000000000000000000000000000000000000000000000000000000000191332443149257,140,-1286.54018412244,2857.08036824487,3450.34843244006,5874.68699765045,341,482,"M3_country_year_FE"
