"variable","vif"
"autocracy_score",2.13825401816488
"log_gdp_pc",5.45236005328687
"cpi",4.04607683507221
"extreme_poverty",2.67440794535459
"gini",1.24560316811855
