"entity","year","sector_family","project_count","funded_project_count","family_aid_usd2021","family_aid_usd2021_unadjusted","loan_share","development_intent_share","cpi","extreme_poverty","gini","gdp_pc","log_gdp_pc","log_family_aid","strategic_family","entity_year"
"Afghanistan",2014,"Social",5,3,2950061.86642334,2950061.86642334,0,1,12,NA,NA,3017.9426,8.0123306199289,14.8973370387409,0,"Afghanistan__2014"
"Afghanistan",2015,"Social",4,3,14992657.9113782,14992657.9113782,0,1,11,NA,NA,2967.6921,7.99553985901373,16.5230712333602,0,"Afghanistan__2015"
"Afghanistan",2016,"Social",8,3,43304618.3133107,43304618.3133107,0,1,15,NA,NA,2958.7854,7.99253412526866,17.5837698688834,0,"Afghanistan__2016"
"Afghanistan",2017,"Social",9,3,88912157.8849741,88912157.8849741,0,0.777777777777778,15,NA,NA,2952.999,7.99057654310519,18.3031594614916,0,"Afghanistan__2017"
"Afghanistan",2018,"Social",9,1,506496.645858367,506496.645858367,0,0.777777777777778,16,NA,NA,2902.392,7.97329050357744,13.135274954799,0,"Afghanistan__2018"
"Afghanistan",2020,"Social",10,6,4861875.59472574,4861875.59472574,0,1,NA,NA,NA,2769.6858,7.92648916314487,15.3969350519494,0,"Afghanistan__2020"
"Afghanistan",2021,"Social",7,5,33400000,33400000,0,0.857142857142857,NA,NA,NA,2144.1665,7.67050617775751,17.324066487887,0,"Afghanistan__2021"
"Albania",2016,"Social",4,2,1948893.77342829,1948893.77342829,0,0.75,39,0.13930316,0.33736297,13769.547,9.53021469357808,14.4827729870005,0,"Albania__2016"
"Albania",2017,"Social",3,3,4056085.8607782,4056085.8607782,0,1,38,0.39256993,0.33055663,14306.299,9.56845520877146,15.2157292394031,0,"Albania__2017"
"Albania",2020,"Social",3,1,163058.20234856,163058.20234856,0,1,NA,0.021277364,0.2941963,14869.22,9.60704858347182,12.0018686184385,0,"Albania__2020"
"Algeria",2016,"Social",1,1,17769640.171141,17769640.171141,0,1,34,NA,NA,15511.686,9.64934895432462,16.6930020069692,0,"Algeria__2016"
"Algeria",2017,"Social",1,1,34105728.2050665,34105728.2050665,0,1,33,NA,NA,15427.664,9.64391754050657,17.3449759400201,0,"Algeria__2017"
"Algeria",2018,"Social",1,1,65433.5882894543,65433.5882894543,0,1,35,NA,NA,15343.426,9.63844238766437,11.0888062705687,0,"Algeria__2018"
"Algeria",2020,"Social",7,3,7590471.00302571,7590471.00302571,0,1,NA,NA,NA,14194.155,9.56058553913239,15.8424043349252,0,"Algeria__2020"
"Algeria",2021,"Social",3,2,61200000,61200000,0,1,NA,NA,NA,14496.865,9.58168769813603,17.9296577638224,0,"Algeria__2021"
"Angola",2013,"Social",11,5,389895973.904334,389895973.904334,0.545454545454545,1,23,NA,NA,10150.916,9.2253192267034,19.7813905304944,0,"Angola__2013"
"Angola",2013,"Strategic",5,5,4269476743.51534,4269476743.51534,1,0.6,23,NA,NA,10150.916,9.2253192267034,22.17475711441,1,"Angola__2013"
"Angola",2014,"Social",11,1,62887.7457803049,62887.7457803049,0.0909090909090909,0.909090909090909,19,NA,NA,10250.593,9.23509083655163,11.0491225042683,0,"Angola__2014"
"Angola",2014,"Strategic",2,2,2338185128.73472,2338185128.73472,1,1,19,NA,NA,10250.593,9.23509083655163,21.5726408798105,1,"Angola__2014"
"Angola",2015,"Social",3,3,503937441.529231,503937441.529231,0.666666666666667,0.333333333333333,15,NA,NA,9980.93,9.20843155133668,20.0379626963661,0,"Angola__2015"
"Angola",2015,"Strategic",4,4,2391349592.63209,2391349592.63209,1,0,15,NA,NA,9980.93,9.20843155133668,21.5951237270442,1,"Angola__2015"
"Angola",2016,"Social",34,11,907147332.241488,907147332.241488,0.794117647058823,0.235294117647059,18,NA,NA,9381.81,9.14652798713782,20.6258154350655,0,"Angola__2016"
"Angola",2016,"Strategic",47,42,15882221603.4518,15882221603.5153,0.978723404255319,0.127659574468085,18,NA,NA,9381.81,9.14652798713782,23.488466182505,1,"Angola__2016"
"Angola",2017,"Social",14,5,185906714.872194,185906714.872194,0.357142857142857,0.928571428571429,19,NA,NA,9042.117,9.10964860738596,19.0407555783016,0,"Angola__2017"
"Angola",2017,"Strategic",3,2,508526828.693356,508526828.693356,1,1,19,NA,NA,9042.117,9.10964860738596,20.0470285344865,1,"Angola__2017"
"Angola",2018,"Social",11,5,88027954.3212102,88027954.3212102,0.0909090909090909,1,19,31.122005,0.51263994,8620.215,9.06186530534205,18.2931649960994,0,"Angola__2018"
"Angola",2018,"Strategic",4,4,2073847722.38071,2073847722.38071,1,0,19,31.122005,0.51263994,8620.215,9.06186530534205,21.4526715223517,1,"Angola__2018"
"Angola",2019,"Social",8,2,151038289.771572,151038289.771572,0.125,1,NA,NA,NA,8274.543,9.02093897213412,18.8330439439016,0,"Angola__2019"
"Angola",2020,"Social",6,4,1251882.35323121,1251882.35323121,0,1,NA,NA,NA,7556.968,8.93022533052717,14.0401596579561,0,"Angola__2020"
"Angola",2020,"Strategic",1,1,55841850.1193699,55841850.1193699,1,1,NA,NA,NA,7556.968,8.93022533052717,17.8380341662874,1,"Angola__2020"
"Angola",2021,"Social",2,2,83300000,83300000,0.5,1,NA,NA,NA,7408.1265,8.91033285231413,18.2379591191419,0,"Angola__2021"
"Antigua and Barbuda",2013,"Social",1,1,6971470.7440421,6971470.7440421,0,1,NA,NA,NA,25211.924,10.1350723361909,15.7573369145418,0,"Antigua and Barbuda__2013"
"Antigua and Barbuda",2013,"Strategic",1,1,51368731.7982049,51368731.7982049,1,1,NA,NA,NA,25211.924,10.1350723361909,17.75454023401,1,"Antigua and Barbuda__2013"
"Antigua and Barbuda",2014,"Social",2,1,11070952.3140848,11070952.3140848,0,0.5,NA,NA,NA,25565.965,10.1490172537213,16.2198354178771,0,"Antigua and Barbuda__2014"
"Antigua and Barbuda",2015,"Social",3,1,1413331.50368497,1413331.50368497,0,1,NA,NA,NA,25748.625,10.1561365066079,14.1614609515245,0,"Antigua and Barbuda__2015"
"Antigua and Barbuda",2016,"Strategic",1,1,106617841.026846,106617841.026846,1,1,NA,NA,NA,26637.418,10.1900721980352,18.4847614293008,1,"Antigua and Barbuda__2016"
"Antigua and Barbuda",2017,"Social",4,1,201659.17747867,201659.17747867,0,1,NA,NA,NA,27143.041,10.2088759757486,12.2143392700354,0,"Antigua and Barbuda__2017"
"Antigua and Barbuda",2018,"Social",7,2,57156564.555415,57156564.555415,0,0.857142857142857,NA,NA,NA,28884.121,10.2710472767328,17.861304824466,0,"Antigua and Barbuda__2018"
"Antigua and Barbuda",2018,"Strategic",1,1,6539098.48727206,6539098.48727206,0,1,NA,NA,NA,28884.121,10.2710472767328,15.6933100208752,1,"Antigua and Barbuda__2018"
"Antigua and Barbuda",2019,"Social",3,3,39268803.6972384,39268803.6972384,0,1,NA,NA,NA,29636.893,10.2967752493541,17.4859409880272,0,"Antigua and Barbuda__2019"
"Antigua and Barbuda",2021,"Social",3,1,360000,360000,0,1,NA,NA,NA,25733.295,10.1555409577063,12.7938620882062,0,"Antigua and Barbuda__2021"
"Argentina",2013,"Strategic",2,2,4051117.77079396,4051117.77079396,1,0,34,NA,NA,29227.66,10.2828708001625,15.2145036406378,1,"Argentina__2013"
"Argentina",2014,"Strategic",6,6,5464317611.04366,5464317611.04366,1,0,34,NA,NA,28200.814,10.2471061217578,22.4215050856448,1,"Argentina__2014"
"Argentina",2015,"Strategic",1,1,64130032.5441622,64130032.5441622,1,0,32,NA,NA,28669.207,10.2635788989204,17.97642335419,1,"Argentina__2015"
"Argentina",2016,"Social",3,2,59069745.5306323,59069745.5306323,0,0.333333333333333,36,NA,NA,27802.105,10.2328670162366,17.8942294482742,0,"Argentina__2016"
"Argentina",2016,"Strategic",6,6,633217718.453124,633217718.453124,1,0,36,NA,NA,27802.105,10.2328670162366,20.2663248695548,1,"Argentina__2016"
"Argentina",2017,"Strategic",12,11,1579180548.26974,1579180548.26974,1,0.25,39,NA,NA,28334.904,10.251849680562,21.1801719097425,1,"Argentina__2017"
"Argentina",2018,"Social",2,1,19072370.5878768,19072370.5878768,0,0,40,NA,NA,27367.115,10.2170973890986,16.7637513320822,0,"Argentina__2018"
"Argentina",2018,"Strategic",4,4,247341400.281065,247341400.281065,1,0,40,NA,NA,27367.115,10.2170973890986,19.3262801316663,1,"Argentina__2018"
"Argentina",2019,"Strategic",10,9,1252774542.67228,1252774542.67228,0.9,0.4,NA,NA,NA,26629.553,10.1897768930869,20.948626563448,1,"Argentina__2019"
"Argentina",2020,"Social",47,33,13347435.4369154,13347435.4369154,0,0.978723404255319,NA,NA,NA,23877.094,10.0806748683092,16.4068348971736,0,"Argentina__2020"
"Argentina",2020,"Strategic",1,1,12564416.2768582,12564416.2768582,1,0,NA,NA,NA,23877.094,10.0806748683092,16.3463793511919,1,"Argentina__2020"
"Argentina",2021,"Social",5,2,5342000,5342000,0,1,NA,NA,NA,26300.273,10.1773345983401,15.4911108598478,0,"Argentina__2021"
"Argentina",2021,"Strategic",5,5,44500000,44500000,1,0,NA,NA,NA,26300.273,10.1773345983401,17.6109997696084,1,"Argentina__2021"
"Armenia",2014,"Social",2,1,14985251.4230783,14985251.4230783,0,1,37,1.4391431,0.3148329,12667.376,9.44678514847247,16.5225771036413,0,"Armenia__2014"
"Armenia",2015,"Social",4,2,10783684.2256936,10783684.2256936,0,0.5,35,1.1463602,0.32356772,13112.76,9.48134108091598,16.1935449226961,0,"Armenia__2015"
"Armenia",2017,"Social",2,1,17052864.1025332,17052864.1025332,0,1,35,0.7856546,0.3362184,14243.875,9.56408226873434,16.6518287887808,0,"Armenia__2017"
"Armenia",2020,"Social",4,4,185180.330997928,185180.330997928,0,1,NA,0.3520105,0.25131604,15052.936,9.61932833420727,12.1290907915663,0,"Armenia__2020"
"Armenia",2021,"Social",5,1,1800000,1800000,0,0.8,NA,0.5235208,0.2794013,15921.705,9.67543855165374,14.4032977784218,0,"Armenia__2021"
"Azerbaijan",2014,"Strategic",1,1,5390378.20974042,5390378.20974042,0,1,29,NA,NA,20716.14,9.93866838558235,15.5001262947222,1,"Azerbaijan__2014"
"Azerbaijan",2015,"Strategic",3,3,604648408.622052,604648408.622052,1,0,29,NA,NA,20694.78,9.93763677353923,20.2201577059466,1,"Azerbaijan__2015"
"Azerbaijan",2016,"Social",3,2,16649343.5678543,16649343.5678543,0,0.666666666666667,30,NA,NA,19830.322,9.8949674594052,16.6278814083219,0,"Azerbaijan__2016"
"Azerbaijan",2017,"Strategic",2,2,49389213.4099188,49389213.4099188,1,0,31,NA,NA,19675.959,9.8871528141562,17.7152426265373,1,"Azerbaijan__2017"
"Azerbaijan",2018,"Strategic",4,3,170221663.744569,170221663.744569,0.25,1,25,NA,NA,19798.834,9.89337832605972,18.952612055924,1,"Azerbaijan__2018"
"Azerbaijan",2019,"Strategic",2,2,40743823.5344619,40743823.5344619,0.5,0.5,NA,NA,NA,20122.713,9.90960445607772,17.5228148410004,1,"Azerbaijan__2019"
"Azerbaijan",2020,"Social",8,3,945844.563369269,945844.563369269,0,1,NA,NA,NA,19126.096,9.85880896424228,13.7598345824546,0,"Azerbaijan__2020"
"Azerbaijan",2021,"Social",1,1,2700000,2700000,0,1,NA,NA,NA,20111.375,9.90904085437262,14.8087627013449,0,"Azerbaijan__2021"
"Azerbaijan",2021,"Strategic",3,3,152960000,152960000,1,0,NA,NA,NA,20111.375,9.90904085437262,18.845687013805,1,"Azerbaijan__2021"
"Bahamas",2014,"Social",5,2,1190127.37376412,1190127.37376412,0,1,71,NA,NA,32226.924,10.3805575312229,13.9895717363821,0,"Bahamas__2014"
"Bahamas",2015,"Social",4,1,167840.704922806,167840.704922806,0,1,NA,NA,NA,32290.7,10.3825345420556,12.0307765816029,0,"Bahamas__2015"
"Bahamas",2016,"Social",2,2,28600.2659969503,28600.2659969503,0,1,66,NA,NA,31756.84,10.3658634141893,10.2612062614559,0,"Bahamas__2016"
"Bahamas",2020,"Social",4,1,10866.8240332293,10866.8240332293,0,1,NA,NA,NA,25457.08,10.1447491758247,9.29356177914071,0,"Bahamas__2020"
"Bahamas",2021,"Social",2,2,332869.2,332869.2,0,1,NA,NA,NA,29340.473,10.2867231729031,12.715507903185,0,"Bahamas__2021"
"Bangladesh",2013,"Social",4,2,229969729.863207,229969729.863207,0.5,0.75,27,NA,NA,4822.726,8.48109460734174,19.2534582532842,0,"Bangladesh__2013"
"Bangladesh",2013,"Strategic",2,2,145814689.065766,145814689.065766,1,0,27,NA,NA,4822.726,8.48109460734174,18.7978471273726,1,"Bangladesh__2013"
"Bangladesh",2014,"Strategic",3,3,504060458.860283,504060458.860283,1,0,25,NA,NA,5068.6396,8.53082773710864,20.0382067788813,1,"Bangladesh__2014"
"Bangladesh",2015,"Social",4,1,5096846.52682163,5096846.52682163,0,0.75,25,NA,NA,5352.7114,8.58535851524673,15.4441327745765,0,"Bangladesh__2015"
"Bangladesh",2015,"Strategic",3,3,428137745.614069,428137745.614069,1,0.333333333333333,25,NA,NA,5352.7114,8.58535851524673,19.8749555396507,1,"Bangladesh__2015"
"Bangladesh",2016,"Social",4,3,409926346.102306,409926346.102306,0.25,1,26,13.468303,0.32385272,5682.5356,8.64515282055529,19.8314880603113,0,"Bangladesh__2016"
"Bangladesh",2016,"Strategic",5,5,1475691890.28945,1475691890.28945,0.8,0.6,26,13.468303,0.32385272,5682.5356,8.64515282055529,21.1123927955954,1,"Bangladesh__2016"
"Bangladesh",2017,"Strategic",5,5,789809099.825889,789809099.825889,0.6,0.6,28,NA,NA,6005.707,8.70046546280449,20.4873018297004,1,"Bangladesh__2017"
"Bangladesh",2018,"Strategic",6,6,6363204003.77473,6363204003.77473,1,0,26,NA,NA,6392.5933,8.76289530228762,22.5737978617824,1,"Bangladesh__2018"
"Bangladesh",2019,"Social",3,1,449425.844904855,449425.844904855,0,0.666666666666667,NA,NA,NA,6838.326,8.83029824382154,13.0157283719401,0,"Bangladesh__2019"
"Bangladesh",2019,"Strategic",4,4,2545740003.36741,2545740003.36741,1,0.25,NA,NA,NA,6838.326,8.83029824382154,21.6576872126084,1,"Bangladesh__2019"
"Bangladesh",2020,"Strategic",3,3,2743589391.79181,2743589391.79181,1,0,NA,NA,NA,7015.1978,8.85583418886035,21.7325328974177,1,"Bangladesh__2020"
"Bangladesh",2021,"Social",5,4,55800000,55800000,0,1,NA,NA,NA,7441.0693,8.91476984061824,17.8372844452727,0,"Bangladesh__2021"
"Bangladesh",2021,"Strategic",3,3,1506547500,1506547500,1,0,NA,NA,NA,7441.0693,8.91476984061824,21.1330864467378,1,"Bangladesh__2021"
"Barbados",2013,"Social",3,1,31585.0234613153,31585.0234613153,0,0.666666666666667,75,NA,NA,18695.684,9.83604797406473,10.3604700062055,0,"Barbados__2013"
"Barbados",2014,"Social",5,1,35935.8547316028,35935.8547316028,0,0.4,74,NA,NA,18665.178,9.83441492786898,10.489518642084,0,"Barbados__2014"
"Barbados",2015,"Social",4,2,5667491.62637371,5667491.62637371,0.25,1,NA,NA,NA,18464.664,9.82361413053296,15.5502573603261,0,"Barbados__2015"
"Barbados",2016,"Social",7,2,27748.9059464239,27748.9059464239,0,1,61,NA,NA,18754.666,9.83919785377303,10.2309877298508,0,"Barbados__2016"
"Barbados",2016,"Strategic",1,1,11217642.8294054,11217642.8294054,0,1,61,NA,NA,18754.666,9.83919785377303,16.2329984386271,1,"Barbados__2016"
"Barbados",2017,"Social",5,3,5421751.02878368,5421751.02878368,0,1,68,NA,NA,18740.35,9.83843423224554,15.5059295737241,0,"Barbados__2017"
"Barbados",2018,"Social",10,3,277788.93878822,277788.93878822,0,0.9,68,NA,NA,18484.697,9.82469847956747,12.5346204911815,0,"Barbados__2018"
"Barbados",2019,"Social",7,1,140445.576532767,140445.576532767,0,0.571428571428571,NA,NA,NA,18572.51,9.82943780945629,11.8525824572461,0,"Barbados__2019"
"Barbados",2020,"Social",6,3,134587.705021364,134587.705021364,0,1,NA,NA,NA,15749.038,9.66453456302328,11.8099787775258,0,"Barbados__2020"
"Barbados",2021,"Social",5,2,650000,650000,0,0.4,NA,NA,NA,15683.885,9.66038903107215,13.3847291803322,0,"Barbados__2021"
"Belarus",2013,"Social",2,1,27518963.4633241,27518963.4633241,0,0.5,29,0,0.26575053,26147.625,10.1715136431888,17.1303859418085,0,"Belarus__2013"
"Belarus",2013,"Strategic",2,2,456341735.613347,456341735.613347,1,0,29,0,0.26575053,26147.625,10.1715136431888,19.9387525091996,1,"Belarus__2013"
"Belarus",2014,"Strategic",1,1,32936083.1344025,32936083.1344025,1,0,31,0,0.27176666,26564.436,10.1873286077167,17.3100793969101,1,"Belarus__2014"
"Belarus",2015,"Social",5,2,37496327.6955205,37496327.6955205,0,0.2,32,0,0.25633225,25513.213,10.1469517538124,17.4397535846952,0,"Belarus__2015"
"Belarus",2015,"Strategic",12,11,763099835.194418,763099835.194418,0.833333333333333,0.583333333333333,32,0,0.25633225,25513.213,10.1469517538124,20.4528994276018,1,"Belarus__2015"
"Belarus",2016,"Social",2,2,71839101.2838889,71839101.2838889,0,1,40,0,0.25306615,24846.83,10.1204854579953,18.0899394858318,0,"Belarus__2016"
"Belarus",2016,"Strategic",1,1,1653126311.70185,1653126311.70185,1,0,40,0,0.25306615,24846.83,10.1204854579953,21.2259340670836,1,"Belarus__2016"
"Belarus",2017,"Social",8,4,85639845.2996386,85639845.2996386,0.125,0.75,44,0,0.2544457,25503.98,10.1465897973989,18.2656612269578,0,"Belarus__2017"
"Belarus",2017,"Strategic",4,3,202566122.907638,202566122.907638,0.75,0.25,44,0,0.2544457,25503.98,10.1465897973989,19.1265769290245,1,"Belarus__2017"
"Belarus",2018,"Social",6,3,229900134.479645,229900134.479645,0,0.666666666666667,44,0,0.25240526,26363.463,10.1797343532806,19.2531555790314,0,"Belarus__2018"
"Belarus",2018,"Strategic",3,3,761411054.247921,761411054.247921,1,0.666666666666667,44,0,0.25240526,26363.463,10.1797343532806,20.4506839214394,1,"Belarus__2018"
"Belarus",2019,"Strategic",1,1,82674076.7823996,82674076.7823996,1,1,NA,0,0.25277847,26798.82,10.1961131356789,18.2304166620363,1,"Belarus__2019"
"Belarus",2020,"Social",8,1,21733.6480664587,21733.6480664587,0,1,NA,0,0.24383356,26731.496,10.1935977746451,9.98666295127242,0,"Belarus__2020"
"Belarus",2021,"Social",9,4,45373643.4108526,45373643.4108526,0,1,NA,NA,NA,27611.18,10.2259760421493,17.6304419748601,0,"Belarus__2021"
"Belarus",2021,"Strategic",1,1,19550000,19550000,1,0,NA,NA,NA,27611.18,10.2259760421493,16.7884858955465,1,"Belarus__2021"
"Benin",2013,"Social",5,2,17902298.9295124,17902298.9295124,0,1,36,NA,NA,2893.0466,7.97006541269293,16.7004397502394,0,"Benin__2013"
"Benin",2013,"Strategic",3,3,239066408.593717,239066408.593717,1,1,36,NA,NA,2893.0466,7.97006541269293,19.2922519357075,1,"Benin__2013"
"Benin",2014,"Social",4,1,1796792.73658014,1796792.73658014,0,1,39,NA,NA,2987.3823,8.00215279797412,14.4015143770854,0,"Benin__2014"
"Benin",2014,"Strategic",1,1,6053394.72953849,6053394.72953849,0,1,39,NA,NA,2987.3823,8.00215279797412,15.6161299501593,1,"Benin__2014"
"Benin",2015,"Strategic",1,1,237148050.607728,237148050.607728,1,0,37,50.70926,0.4762964,2952.0022,7.99023893097754,19.2841951943896,1,"Benin__2015"
"Benin",2016,"Social",5,1,22034353.8122148,22034353.8122148,0,1,36,NA,NA,2962.6638,7.99384407505413,16.9081133756941,0,"Benin__2016"
"Benin",2016,"Strategic",1,1,71078560.6845641,71078560.6845641,1,1,36,NA,NA,2962.6638,7.99384407505413,18.0792963258823,1,"Benin__2016"
"Benin",2017,"Social",5,3,115915888.77658,115915888.77658,0.2,1,39,NA,NA,3041.7793,8.02019791923397,18.5683753979342,0,"Benin__2017"
"Benin",2019,"Strategic",1,1,54348453.2150965,54348453.2150965,1,1,NA,NA,NA,3281.1047,8.0959354434547,17.8109267298225,1,"Benin__2019"
"Benin",2020,"Social",18,8,1968323.53461576,1968323.53461576,0,1,NA,NA,NA,3317.8596,8.10707515520772,14.4926932487996,0,"Benin__2020"
"Benin",2021,"Social",10,1,1800000,1800000,0,1,NA,12.723279,0.34395808,3464.2886,8.15026258029966,14.4032977784218,0,"Benin__2021"
"Benin",2021,"Strategic",1,1,840000000,840000000,1,0,NA,12.723279,0.34395808,3464.2886,8.15026258029966,20.5489124509921,1,"Benin__2021"
"Bolivia",2013,"Social",1,1,5076164.48485425,5076164.48485425,0,1,34,5.173073,0.47588572,8524.032,9.05064474731751,15.4400667087141,0,"Bolivia__2013"
"Bolivia",2013,"Strategic",1,1,13576021.9752398,13576021.9752398,0,1,34,5.173073,0.47588572,8524.032,9.05064474731751,16.4238157782371,1,"Bolivia__2013"
"Bolivia",2014,"Strategic",1,1,1107095.23140848,1107095.23140848,0,1,35,4.2758923,0.47829148,8851.712,9.08836616562133,13.9172511378209,1,"Bolivia__2014"
"Bolivia",2015,"Social",7,1,9820466.77739824,9820466.77739824,0,0.571428571428571,34,4.6299644,0.46731615,9141.929,9.12062669250844,16.0999793143691,0,"Bolivia__2015"
"Bolivia",2015,"Strategic",1,1,552608490.460676,552608490.460676,1,0,34,4.6299644,0.46731615,9141.929,9.12062669250844,20.1301603367139,1,"Bolivia__2015"
"Bolivia",2016,"Social",5,3,64977267.0755006,64977267.0755006,0.2,1,33,5.620338,0.45240772,9390.791,9.14748480720609,17.9895480447776,0,"Bolivia__2016"
"Bolivia",2016,"Strategic",2,2,681630450.954316,681630450.954316,1,0,33,5.620338,0.45240772,9390.791,9.14748480720609,20.3399982096444,1,"Bolivia__2016"
"Bolivia",2017,"Social",1,1,4839820.25948809,4839820.25948809,0,1,33,4.9333615,0.4461778,9642.813,9.17396815001705,15.3923883481531,0,"Bolivia__2017"
"Bolivia",2017,"Strategic",1,1,456480323.493346,456480323.493346,1,0,33,4.9333615,0.4461778,9642.813,9.17396815001705,19.9390561562892,1,"Bolivia__2017"
"Bolivia",2018,"Social",6,1,57674008.9507915,57674008.9507915,0.166666666666667,0.833333333333333,29,3.274886,0.4257908,9907.0625,9.20100316562377,17.870317195874,0,"Bolivia__2018"
"Bolivia",2020,"Social",8,3,202542.598754268,202542.598754268,0,1,NA,3.1215072,0.4364544,9000.976,9.10508829488313,12.2187104448447,0,"Bolivia__2020"
"Bolivia",2021,"Social",16,10,8379500.5,8379500.5,0,0.9375,NA,1.9645011,0.40913323,9454.198,9.15421415464984,15.9412989838153,0,"Bolivia__2021"
"Bosnia and Herzegovina",2016,"Strategic",1,1,338565227.451569,338565227.451569,1,0,39,NA,NA,15083.248,9.6213400029854,19.6402273302802,1,"Bosnia and Herzegovina__2016"
"Bosnia and Herzegovina",2017,"Social",3,1,6480088.35896265,6480088.35896265,0,0.666666666666667,38,NA,NA,15773.863,9.66610960874208,15.6842448581967,0,"Bosnia and Herzegovina__2017"
"Bosnia and Herzegovina",2017,"Strategic",1,1,797877329.586322,797877329.586322,1,0,38,NA,NA,15773.863,9.66610960874208,20.497465422528,1,"Bosnia and Herzegovina__2017"
"Bosnia and Herzegovina",2020,"Social",5,3,270949.124127192,270949.124127192,0,1,NA,NA,NA,16983.043,9.73997065464527,12.5096900391126,0,"Bosnia and Herzegovina__2020"
"Bosnia and Herzegovina",2021,"Social",7,4,1838058.82352941,1838058.82352941,0,1,NA,NA,NA,18544.076,9.82790566393179,14.4242211295343,0,"Bosnia and Herzegovina__2021"
"Bosnia and Herzegovina",2021,"Strategic",2,2,467422355.294117,467422355.294117,1,0.5,NA,NA,NA,18544.076,9.82790566393179,19.9627438101064,1,"Bosnia and Herzegovina__2021"
"Botswana",2013,"Social",2,2,15240798.7898677,15240798.7898677,0,1,64,NA,NA,16369.827,9.70319510219694,16.5394865864959,0,"Botswana__2013"
"Botswana",2014,"Social",5,1,21593.295287121,21593.295287121,0,1,63,NA,NA,17052.23,9.74403626594802,9.98018445171211,0,"Botswana__2014"
"Botswana",2015,"Social",13,5,13350452.4417936,13350452.4417936,0,0.846153846153846,63,15.426243,0.5332503,15994.997,9.68003126482499,16.4070609079111,0,"Botswana__2015"
"Botswana",2016,"Social",5,1,14215712.1369128,14215712.1369128,0,0.8,60,NA,NA,16905.623,9.735401567465,16.4698584697239,0,"Botswana__2016"
"Botswana",2018,"Strategic",1,1,363752.908147005,363752.908147005,0,1,61,NA,NA,17824.951,9.78835449633061,12.8042328414569,1,"Botswana__2018"
"Botswana",2020,"Social",11,4,985409.67229379,985409.67229379,0,1,NA,NA,NA,16289.42,9.69827109629679,13.8008137594512,0,"Botswana__2020"
"Botswana",2021,"Social",8,4,3672148.66425993,3672148.66425993,0,1,NA,NA,NA,17961.357,9.79597789579479,15.1162877881326,0,"Botswana__2021"
"Brazil",2013,"Strategic",9,9,232791076.984237,232791076.984237,1,0,42,3.7285519,0.5268333,19241.506,9.86482499558469,19.2656519482772,1,"Brazil__2013"
"Brazil",2014,"Strategic",20,20,934179249.226512,934179249.226512,1,0.05,43,3.3259485,0.5202964,19183.172,9.86178871536836,20.6551788945102,1,"Brazil__2014"
"Brazil",2015,"Strategic",10,10,8375881477.1694,8375881477.1694,1,0,38,3.8774729,0.51926446,18357.068,9.81776995643277,22.8486221602437,1,"Brazil__2015"
"Brazil",2016,"Strategic",12,12,9640702912.45838,9640702912.45838,1,0.0833333333333333,40,4.7337537,0.533671,17620.928,9.77684256552667,22.9892598592445,1,"Brazil__2016"
"Brazil",2017,"Strategic",9,9,6055231530.29978,6055231530.29978,1,0,37,5.302752,0.53321064,17724.48,9.78270201387549,22.5241884512551,1,"Brazil__2017"
"Brazil",2018,"Strategic",7,7,1233826912.14879,1233826912.14879,1,0.285714285714286,35,5.3060746,0.5388832,17917.75,9.79354712061014,20.9333864877203,1,"Brazil__2018"
"Brazil",2019,"Social",3,2,57874314.9341014,57874314.9341014,0.333333333333333,0.666666666666667,NA,5.4092226,0.5350931,18018.621,9.79916100215193,17.8737842505877,0,"Brazil__2019"
"Brazil",2019,"Strategic",6,6,2489881600.40493,2489881600.40493,1,0.166666666666667,NA,5.4092226,0.5350931,18018.621,9.79916100215193,21.6355009966559,1,"Brazil__2019"
"Brazil",2020,"Social",15,14,70802084.7731184,70802084.7731184,0.0666666666666667,0.933333333333333,NA,1.9510684,0.48902002,17327.516,9.76005103717939,18.0753990183023,0,"Brazil__2020"
"Brazil",2020,"Strategic",3,3,130415709.040216,130415709.040216,1,0.666666666666667,NA,1.9510684,0.48902002,17327.516,9.76005103717939,18.6862376759687,1,"Brazil__2020"
"Brazil",2021,"Social",7,3,190160,190160,0,1,NA,5.834562,0.52938724,18075.705,9.8023240504157,12.1556263607497,0,"Brazil__2021"
"Brazil",2021,"Strategic",3,3,1880000000,1880000000,1,0,NA,5.834562,0.52938724,18075.705,9.8023240504157,21.3545376143202,1,"Brazil__2021"
"Brunei",2015,"Strategic",2,2,218428494.107151,218428494.107151,1,0,NA,NA,NA,81910.19,11.3133786821261,19.2019692654266,1,"Brunei__2015"
"Brunei",2017,"Social",4,1,9218.70525616779,9218.70525616779,0,1,62,NA,NA,78966.87,11.2767836764016,9.12909834816198,0,"Brunei__2017"
"Brunei",2018,"Strategic",5,5,1907237058.78768,1907237058.78768,1,0,63,NA,NA,78099.05,11.2657331718614,21.3689214661627,1,"Brunei__2018"
"Brunei",2020,"Social",10,7,255119.562036659,255119.562036659,0,0.8,NA,NA,NA,80280.9,11.2932870136098,12.4494915047101,0,"Brunei__2020"
"Brunei",2021,"Social",8,2,18936000,18936000,0,1,NA,NA,NA,78248.8,11.2676487728216,16.7565754829854,0,"Brunei__2021"
"Bulgaria",2016,"Strategic",1,1,174669620.719951,174669620.719951,1,0,41,1.966491,0.40589708,24983.693,10.1259786110232,18.9784068717181,1,"Bulgaria__2016"
"Bulgaria",2018,"Strategic",1,1,102464403.746309,102464403.746309,1,0,42,0.87046057,0.41284075,26709.322,10.1927679220304,18.4450260254626,1,"Bulgaria__2018"
"Bulgaria",2020,"Social",7,1,7516.31302606719,7516.31302606719,0,1,NA,0.24786347,0.40523154,27182.047,10.2103119975992,8.92496404272992,0,"Bulgaria__2020"
"Burkina Faso",2018,"Social",8,4,126110405.063047,126110405.063047,0,1,41,31.203825,0.43016732,2316.3943,7.7477670746337,18.6526683198384,0,"Burkina Faso__2018"
"Burkina Faso",2019,"Social",5,2,11734828.1783803,11734828.1783803,0,1,NA,NA,NA,2391.5364,7.77969128357738,16.2780718305682,0,"Burkina Faso__2019"
"Burkina Faso",2019,"Strategic",1,1,34733.8295665708,34733.8295665708,0,1,NA,NA,NA,2391.5364,7.77969128357738,10.4554981964378,1,"Burkina Faso__2019"
"Burkina Faso",2020,"Social",16,8,67765075.1055139,67765075.1055139,0.0625,0.9375,NA,NA,NA,2380.9316,7.77524711864877,18.0315575185116,0,"Burkina Faso__2020"
"Burkina Faso",2021,"Social",4,3,7740998.68356987,7740998.68356987,0,1,NA,25.277073,0.37391287,2486.431,7.81860362792057,15.8620413953097,0,"Burkina Faso__2021"
"Burkina Faso",2021,"Strategic",2,1,6131318.41379186,6131318.41379186,0,1,NA,25.277073,0.37391287,2486.431,7.81860362792057,15.6289205235433,1,"Burkina Faso__2021"
"Burundi",2013,"Social",1,1,733839.025688642,733839.025688642,0,1,21,65.13289,0.38623992,970.37537,6.87768297602166,13.5060463351893,0,"Burundi__2013"
"Burundi",2014,"Social",5,1,898396.36829007,898396.36829007,0,1,20,NA,NA,977.76587,6.88527024464683,13.7083677530722,0,"Burundi__2014"
"Burundi",2015,"Strategic",2,1,1064181.49078715,1064181.49078715,0,1,21,NA,NA,918.5572,6.82280417816525,13.8777174480746,1,"Burundi__2015"
"Burundi",2016,"Strategic",1,1,94464360.6686773,94464360.6686773,0,1,20,NA,NA,897.45905,6.79956749258056,18.3637331961352,1,"Burundi__2016"
"Burundi",2017,"Social",2,2,1200395.98051743,1200395.98051743,0,0.5,22,NA,NA,880.99347,6.78105021387693,13.9981628771482,0,"Burundi__2017"
"Burundi",2018,"Social",2,1,544924.873939338,544924.873939338,0,1,17,NA,NA,868.5555,6.76683148692095,13.2084050532746,0,"Burundi__2018"
"Burundi",2019,"Social",6,1,44055.6475061392,44055.6475061392,0,1,NA,NA,NA,855.7327,6.75195806102131,10.6932315281772,0,"Burundi__2019"
"Burundi",2020,"Social",6,4,1095754.48535615,1095754.48535615,0,1,NA,62.06576,0.37456092,833.9202,6.72613771432756,13.9069546242974,0,"Burundi__2020"
"Burundi",2021,"Social",8,1,14761,14761,0,1,NA,NA,NA,836.6656,6.72942446855651,9.59981159033,0,"Burundi__2021"
"Cabo Verde",2013,"Social",1,1,2278570.17476323,2278570.17476323,1,1,NA,NA,NA,NA,NA,14.6390591267506,0,"Cabo Verde__2013"
"Cabo Verde",2014,"Social",2,1,1771352.37025358,1771352.37025358,0,1,NA,NA,NA,NA,NA,14.3872544283426,0,"Cabo Verde__2014"
"Cabo Verde",2015,"Social",6,3,13417486.7838569,13417486.7838569,0,0.5,NA,NA,NA,NA,NA,16.4120694725693,0,"Cabo Verde__2015"
"Cabo Verde",2016,"Social",6,2,74632488.7187923,74632488.7187923,0,1,NA,NA,NA,NA,NA,18.1280864893818,0,"Cabo Verde__2016"
"Cabo Verde",2017,"Social",7,3,66030098.5195657,66030098.5195657,0,1,NA,NA,NA,NA,NA,18.0056212493567,0,"Cabo Verde__2017"
"Cabo Verde",2018,"Social",5,1,25667.2485271341,25667.2485271341,0,0.8,NA,NA,NA,NA,NA,10.1530100411959,0,"Cabo Verde__2018"
"Cabo Verde",2019,"Social",5,1,50792.3155244208,50792.3155244208,0,0.6,NA,NA,NA,NA,NA,10.8355200407437,0,"Cabo Verde__2019"
"Cabo Verde",2020,"Social",2,1,58633.9426253384,58633.9426253384,0,1,NA,NA,NA,NA,NA,10.9790860883893,0,"Cabo Verde__2020"
"Cabo Verde",2021,"Social",2,1,900000,900000,0,1,NA,NA,NA,NA,NA,13.7101511534169,0,"Cabo Verde__2021"
"Cambodia",2013,"Social",7,2,90242.9241751867,90242.9241751867,0,0.857142857142857,20,NA,NA,4419.399,8.39375899297592,11.4102715517703,0,"Cambodia__2013"
"Cambodia",2013,"Strategic",6,5,991331923.273711,991331923.273711,0.833333333333333,0.5,20,NA,NA,4419.399,8.39375899297592,20.714559974937,1,"Cambodia__2013"
"Cambodia",2014,"Social",9,5,20423221.8077299,20423221.8077299,0,0.777777777777778,21,NA,NA,4702.7305,8.45589857645451,16.8321831842872,0,"Cambodia__2014"
"Cambodia",2014,"Strategic",7,7,430573027.167267,430573027.167267,0.714285714285714,0.428571428571429,21,NA,NA,4702.7305,8.45589857645451,19.8806275031419,1,"Cambodia__2014"
"Cambodia",2015,"Social",9,5,196598858.917194,196598858.917194,0,0.777777777777778,21,NA,NA,4968.5728,8.51088791487362,19.0966759666635,0,"Cambodia__2015"
"Cambodia",2015,"Strategic",2,2,181482007.946152,181482007.946152,0.5,0.5,21,NA,NA,4968.5728,8.51088791487362,19.0166670824924,1,"Cambodia__2015"
"Cambodia",2016,"Social",7,4,146620536.797431,146620536.797431,0,1,21,NA,NA,5283.7295,8.57238747205327,18.8033584317207,0,"Cambodia__2016"
"Cambodia",2016,"Strategic",7,7,345061853.232736,345061853.232736,0.857142857142857,0.857142857142857,21,NA,NA,5283.7295,8.57238747205327,19.6592342465566,1,"Cambodia__2016"
"Cambodia",2017,"Social",7,1,56274.4515383598,56274.4515383598,0,0.571428571428571,21,NA,NA,5632.0312,8.63622543759526,10.9380136895252,0,"Cambodia__2017"
"Cambodia",2017,"Strategic",11,8,372798352.696804,372798352.696804,0.636363636363636,0.818181818181818,21,NA,NA,5632.0312,8.63622543759526,19.7365482247166,1,"Cambodia__2017"
"Cambodia",2018,"Social",15,7,65841411.9366157,65841411.9366157,0,1,20,NA,NA,6050.591,8.70791123220434,18.002759574258,0,"Cambodia__2018"
"Cambodia",2018,"Strategic",4,4,1901573565.20515,1901573565.20515,1,0.25,20,NA,NA,6050.591,8.70791123220434,21.365947573096,1,"Cambodia__2018"
"Cambodia",2019,"Social",12,5,105771539.601663,105771539.601663,0.0833333333333333,0.916666666666667,NA,NA,NA,6448.885,8.77166252662933,18.4767920487807,0,"Cambodia__2019"
"Cambodia",2019,"Strategic",6,5,2099903984.99223,2099903984.99223,0.666666666666667,1,NA,NA,NA,6448.885,8.77166252662933,21.4651574596745,1,"Cambodia__2019"
"Cambodia",2020,"Social",16,9,2638137.33449156,2638137.33449156,0,1,NA,NA,NA,6128.782,8.7207513142449,14.7855840500398,0,"Cambodia__2020"
"Cambodia",2020,"Strategic",4,4,1023613600.35961,1023613600.35961,1,0,NA,NA,NA,6128.782,8.7207513142449,20.7466049499299,1,"Cambodia__2020"
"Cambodia",2021,"Social",20,10,121688966.4,121688966.4,0,0.95,NA,NA,NA,6225.5327,8.73641429196883,18.616978899781,0,"Cambodia__2021"
"Cambodia",2021,"Strategic",4,2,661000000,661000000,0.75,0.25,NA,NA,NA,6225.5327,8.73641429196883,20.3092643993288,1,"Cambodia__2021"
"Cameroon",2013,"Social",5,5,337382492.060353,337382492.060353,0.4,1,25,NA,NA,4473.5723,8.40594254069901,19.636727838942,0,"Cameroon__2013"
"Cameroon",2013,"Strategic",1,1,610906263.727898,610906263.727898,1,0,25,NA,NA,4473.5723,8.40594254069901,20.2304540924829,1,"Cameroon__2013"
"Cameroon",2014,"Social",3,1,1791.36490169425,1791.36490169425,0,1,27,25.657516,0.46640873,4588.4863,8.43130546652943,7.49129120098307,0,"Cameroon__2014"
"Cameroon",2014,"Strategic",1,1,427127092.23645,427127092.23645,1,0,27,25.657516,0.46640873,4588.4863,8.43130546652943,19.8725921691462,1,"Cameroon__2014"
"Cameroon",2015,"Social",6,3,765045901.113685,765045901.113685,0.166666666666667,0.833333333333333,27,NA,NA,4698.667,8.45503413044996,20.4554463927537,0,"Cameroon__2015"
"Cameroon",2015,"Strategic",2,2,1043828507.26538,1043828507.26538,1,0,27,NA,NA,4698.667,8.45503413044996,20.7661610488004,1,"Cameroon__2015"
"Cameroon",2016,"Social",7,3,166676934.439011,166676934.439011,0.142857142857143,1,26,NA,NA,4767.132,8.46950014519276,18.9315679784544,0,"Cameroon__2016"
"Cameroon",2016,"Strategic",1,1,357718499.425025,357718499.425025,1,1,26,NA,NA,4767.132,8.46950014519276,19.6952569233979,1,"Cameroon__2016"
"Cameroon",2017,"Social",7,4,16490685.2127943,16490685.2127943,0,0.857142857142857,25,NA,NA,4797.9756,8.47594935793444,16.6183063075447,0,"Cameroon__2017"
"Cameroon",2017,"Strategic",4,4,1080495308.36389,1080495308.36389,1,0.5,25,NA,NA,4797.9756,8.47594935793444,20.80068539273,1,"Cameroon__2017"
"Cameroon",2018,"Social",7,3,209328945.981075,209328945.981075,0.285714285714286,0.857142857142857,25,NA,NA,4851.48,8.4870390920205,19.1594174816328,0,"Cameroon__2018"
"Cameroon",2018,"Strategic",1,1,44106239.5237972,44106239.5237972,1,0,25,NA,NA,4851.48,8.4870390920205,17.6021118388818,1,"Cameroon__2018"
"Cameroon",2019,"Social",5,2,113396087.157677,113396087.157677,0.4,0.6,NA,NA,NA,4882.3555,8.49338306681877,18.5463974526989,0,"Cameroon__2019"
"Cameroon",2020,"Social",23,12,7302607.25665929,7302607.25665929,0,1,NA,NA,NA,4763.482,8.46873419240557,15.8037421377366,0,"Cameroon__2020"
"Cameroon",2021,"Social",6,2,21600000,21600000,0,1,NA,22.99222,0.42176074,4793.556,8.47502779493551,16.8882039189507,0,"Cameroon__2021"
"Cameroon",2021,"Strategic",1,1,50117647.0588235,50117647.0588235,1,1,NA,22.99222,0.42176074,4793.556,8.47502779493551,17.7298837606904,1,"Cameroon__2021"
"Central African Republic",2015,"Strategic",1,1,10006162.8764617,10006162.8764617,0,1,24,NA,NA,1043.9218,6.95073986142256,16.1187118487157,1,"Central African Republic__2015"
"Central African Republic",2016,"Social",3,1,119471.463718588,119471.463718588,0,1,20,NA,NA,1073.9448,6.97909387709991,11.6908411946677,0,"Central African Republic__2016"
"Central African Republic",2017,"Social",4,2,356374.874600579,356374.874600579,0,1,23,NA,NA,1103.8661,7.00657393324939,12.78374128037,0,"Central African Republic__2017"
"Central African Republic",2018,"Social",12,3,6289631.35045332,6289631.35045332,0,0.916666666666667,26,NA,NA,1125.7009,7.02616114286297,15.6544131771199,0,"Central African Republic__2018"
"Central African Republic",2019,"Social",3,1,395960.437280489,395960.437280489,0,1,NA,NA,NA,1145.0956,7.04324340595274,12.88907210489,0,"Central African Republic__2019"
"Central African Republic",2019,"Strategic",2,2,35696728.5084441,35696728.5084441,0,0,NA,NA,NA,1145.0956,7.04324340595274,17.3905696321456,1,"Central African Republic__2019"
"Central African Republic",2020,"Social",9,8,2153849.06558314,2153849.06558314,0,1,NA,NA,NA,1136.5706,7.03577076190873,14.5827675268399,0,"Central African Republic__2020"
"Central African Republic",2021,"Social",6,2,2981319.31545633,2981319.31545633,0,0.833333333333333,NA,65.66651,0.43027893,1128.5524,7.02869102849816,14.907876819238,0,"Central African Republic__2021"
"Central African Republic",2021,"Strategic",1,1,200000000,200000000,1,0,NA,65.66651,0.43027893,1128.5524,7.02869102849816,19.1138279295123,1,"Central African Republic__2021"
"Chad",2013,"Social",7,2,1579251.17306577,1579251.17306577,0,0.857142857142857,19,NA,NA,2155.7854,7.67591039089673,14.2724619847713,0,"Chad__2013"
"Chad",2013,"Strategic",2,1,3384109.6565695,3384109.6565695,0,1,19,NA,NA,2155.7854,7.67591039089673,15.0346016991055,1,"Chad__2013"
"Chad",2015,"Social",7,2,2458636.42301579,2458636.42301579,0,1,22,NA,NA,2213.6567,7.70240104252848,14.7151178613701,0,"Chad__2015"
"Chad",2016,"Social",7,2,188407.753954529,188407.753954529,0,1,20,NA,NA,2011.059,7.60641672797978,12.1463691047717,0,"Chad__2016"
"Chad",2018,"Social",13,4,131385241.046746,131385241.046746,0,1,19,30.882942,0.37499154,1868.4741,7.53287738744333,18.6936443445165,0,"Chad__2018"
"Chad",2019,"Social",8,1,65608.344736856,65608.344736856,0,0.75,NA,NA,NA,1868.0195,7.53263405770647,11.0914734150441,0,"Chad__2019"
"Chad",2020,"Social",14,6,3534852.05066658,3534852.05066658,0,1,NA,NA,NA,1780.563,7.48468488541115,15.0781822866232,0,"Chad__2020"
"Chad",2021,"Social",4,2,3657706.52624745,3657706.52624745,0,1,NA,NA,NA,1700.167,7.43848176051365,15.112347150184,0,"Chad__2021"
"Chile",2013,"Strategic",1,1,58657900.7138714,58657900.7138714,1,0,71,0.5171192,0.46823916,27300.996,10.214678464024,17.8872328505682,1,"Chile__2013"
"Chile",2015,"Strategic",2,2,60378425.6433476,60378425.6433476,1,0.5,70,0.4292806,0.45343325,27821.197,10.2335534911514,17.9161424243239,1,"Chile__2015"
"Chile",2017,"Strategic",4,4,228116861.563872,228116861.563872,1,0,67,0.35970792,0.4526995,27902.846,10.2364839697755,19.2453686107119,1,"Chile__2017"
"Chile",2018,"Social",1,1,80648881.343022,80648881.343022,1,1,67,NA,NA,28502.725,10.2577549757211,18.2056155043244,0,"Chile__2018"
"Chile",2018,"Strategic",4,4,3160564268.84815,3160564268.84815,1,0,67,NA,NA,28502.725,10.2577549757211,21.8740164150118,1,"Chile__2018"
"Chile",2019,"Strategic",4,4,510558995.458038,510558995.458038,1,0,NA,NA,NA,28228.5,10.248087384873,20.0510167549212,1,"Chile__2019"
"Chile",2020,"Social",7,4,3222856.53778931,3222856.53778931,0,1,NA,1.3415734,0.4700476,26257.832,10.1757195854235,14.9857789580798,0,"Chile__2020"
"Chile",2020,"Strategic",1,1,40206132.0859463,40206132.0859463,1,1,NA,1.3415734,0.4700476,26257.832,10.1757195854235,17.5095301062795,1,"Chile__2020"
"Chile",2021,"Social",14,9,189363600,189363600,0,1,NA,NA,NA,29105.102,10.2786687642522,19.059179539677,0,"Chile__2021"
"Chile",2021,"Strategic",4,4,252392379,252392379,1,0,NA,NA,NA,29105.102,10.2786687642522,19.3464954980013,1,"Chile__2021"
"Colombia",2013,"Social",1,1,1637.79806052012,1637.79806052012,0,1,36,6.111701,0.52625173,16202.396,9.69291441151873,7.40171836219637,0,"Colombia__2013"
"Colombia",2017,"Strategic",2,2,182415130.25642,182415130.25642,1,1,37,4.33946,0.4970708,17295.764,9.75821689501254,19.0217955886135,1,"Colombia__2017"
"Colombia",2018,"Social",4,2,1886512.90435717,1886512.90435717,0,1,36,4.4982615,0.50410813,17416.014,9.76514540677258,14.4502411888111,0,"Colombia__2018"
"Colombia",2018,"Strategic",2,2,76289482.3515072,76289482.3515072,1,0,36,4.4982615,0.50410813,17416.014,9.76514540677258,18.1500456538782,1,"Colombia__2018"
"Colombia",2019,"Strategic",4,4,504705223.828151,504705223.828151,0.75,0.75,NA,5.2847376,0.5132595,17652.896,9.77865512822202,20.0394851036012,1,"Colombia__2019"
"Colombia",2020,"Social",15,11,3091402.58893431,3091402.58893431,0,1,NA,9.359861,0.53488696,16150.725,9.68972021928407,14.9441357816411,0,"Colombia__2020"
"Colombia",2020,"Strategic",5,3,152882575.334064,152882575.334064,0.6,0.4,NA,9.359861,0.53488696,16150.725,9.68972021928407,18.8451807097563,1,"Colombia__2020"
"Colombia",2021,"Social",3,2,13941090,13941090,0,1,NA,7.334666,0.5511767,17700.06,9.78132330838668,16.4503512242227,0,"Colombia__2021"
"Colombia",2021,"Strategic",2,2,89280000,89280000,1,1,NA,7.334666,0.5511767,17700.06,9.78132330838668,18.307288067798,1,"Colombia__2021"
"Comoros",2013,"Strategic",1,1,608941.110939368,608941.110939368,0,1,28,NA,NA,3400.173,8.13158159166273,13.3194784862451,1,"Comoros__2013"
"Comoros",2014,"Social",2,1,32342269.2584425,32342269.2584425,0,1,26,18.643723,0.45332918,3397.0925,8.1306751976986,17.2918856093538,0,"Comoros__2014"
"Comoros",2014,"Strategic",1,1,5255618.75449691,5255618.75449691,0,1,26,18.643723,0.45332918,3397.0925,8.1306751976986,15.4748084914947,1,"Comoros__2014"
"Comoros",2015,"Social",2,1,106358.668054803,106358.668054803,0,1,26,NA,NA,3364.2961,8.12097403743332,11.5745817243931,0,"Comoros__2015"
"Comoros",2015,"Strategic",1,1,797690.010411029,797690.010411029,0,1,26,NA,NA,3364.2961,8.12097403743332,13.58947659645,1,"Comoros__2015"
"Comoros",2016,"Strategic",3,2,6740171.85745991,6740171.85745991,0,1,24,NA,NA,3405.4353,8.13312805182229,15.723596129067,1,"Comoros__2016"
"Comoros",2018,"Social",7,3,10487046.6453716,10487046.6453716,0,0.857142857142857,27,NA,NA,3522.405,8.16689927392725,16.1656514960857,0,"Comoros__2018"
"Comoros",2018,"Strategic",1,1,115348.017901583,115348.017901583,0,1,27,NA,NA,3522.405,8.16689927392725,11.6557177494918,1,"Comoros__2018"
"Comoros",2019,"Social",3,1,130896.012324128,130896.012324128,0,1,NA,NA,NA,3516.1267,8.16511529342316,11.7821661275285,0,"Comoros__2019"
"Comoros",2019,"Strategic",1,1,14722780.7968656,14722780.7968656,0,1,NA,NA,NA,3516.1267,8.16511529342316,16.5049066341757,1,"Comoros__2019"
"Comoros",2020,"Social",2,2,139199.974210602,139199.974210602,0,1,NA,NA,NA,3441.0703,8.14353783569632,11.8436740254974,0,"Comoros__2020"
"Comoros",2021,"Social",7,3,5400000,5400000,0,1,NA,NA,NA,3441.2117,8.14357892671817,15.5019096967197,0,"Comoros__2021"
"Congo",2013,"Social",22,13,267934569.894624,267934569.894624,0.181818181818182,0.954545454545455,22,NA,NA,8798.494,9.08233584945716,19.4062533702156,0,"Congo__2013"
"Congo",2013,"Strategic",7,6,455328099.305472,455328099.305472,0.857142857142857,1,22,NA,NA,8798.494,9.08233584945716,19.9365288166203,1,"Congo__2013"
"Congo",2014,"Social",17,9,473058348.090109,473058348.090109,0.176470588235294,1,23,NA,NA,9159.257,9.12252034084118,19.9747292984466,0,"Congo__2014"
"Congo",2014,"Strategic",2,1,249096427.066909,249096427.066909,1,1,23,NA,NA,9159.257,9.12252034084118,19.3333506407756,1,"Congo__2014"
"Congo",2015,"Social",21,15,142612258.265223,142612258.265223,0.428571428571429,0.666666666666667,23,NA,NA,8977.707,9.10249978347852,18.7756400318511,0,"Congo__2015"
"Congo",2015,"Strategic",19,18,546308660.92457,546308660.92457,0.947368421052632,0.0526315789473684,23,NA,NA,8977.707,9.10249978347852,20.1186946888591,1,"Congo__2015"
"Congo",2016,"Social",11,3,3304302.56051487,3304302.56051487,0,1,20,NA,NA,8001.8257,8.98742500712546,15.0107362860718,0,"Congo__2016"
"Congo",2016,"Strategic",7,6,2496205325.29197,2496205325.29197,0.857142857142857,0.142857142857143,20,NA,NA,8001.8257,8.98742500712546,21.6380375462065,1,"Congo__2016"
"Congo",2017,"Social",20,7,166328152.740779,166328152.740779,0,0.95,21,NA,NA,7372.7705,8.90554883041988,18.9294732247278,0,"Congo__2017"
"Congo",2017,"Strategic",7,4,1453212177.5343,1453212177.5343,0.571428571428571,0.428571428571429,21,NA,NA,7372.7705,8.90554883041988,21.0970422387705,1,"Congo__2017"
"Congo",2018,"Strategic",7,6,440824946.506579,440824946.506579,0.857142857142857,0.285714285714286,19,NA,NA,7029.3364,8.8578475849011,19.9041584101783,1,"Congo__2018"
"Congo",2019,"Social",11,3,49309377.8794908,49309377.8794908,0,0.818181818181818,NA,NA,NA,6939.369,8.84496612717698,17.7136248618827,0,"Congo__2019"
"Congo",2019,"Strategic",1,1,338303057.622905,338303057.622905,1,0,NA,NA,NA,6939.369,8.84496612717698,19.6394526748656,1,"Congo__2019"
"Congo",2020,"Social",18,6,2801691.720004,2801691.720004,0,1,NA,78.94202,0.44674513,6350.5093,8.75629029339492,14.8457343353416,0,"Congo__2020"
"Congo",2021,"Social",10,7,31253446.3419472,31253446.3419472,0,1,NA,NA,NA,6263.2114,8.74244833574788,17.2576402430048,0,"Congo__2021"
"Cook Islands",2013,"Social",2,2,386889.172940564,386889.172940564,0,1,NA,NA,NA,NA,NA,12.8658961408844,0,"Cook Islands__2013"
"Cook Islands",2013,"Strategic",1,1,10172882.9736454,10172882.9736454,0,1,NA,NA,NA,NA,NA,16.1352363043875,1,"Cook Islands__2013"
"Cook Islands",2015,"Social",3,2,11549431.9740221,11549431.9740221,0,0.666666666666667,NA,NA,NA,NA,NA,16.2621469005687,0,"Cook Islands__2015"
"Cook Islands",2017,"Social",1,1,11937004.8717733,11937004.8717733,0,1,NA,NA,NA,NA,NA,16.295153869974,0,"Cook Islands__2017"
"Cook Islands",2020,"Social",4,4,258547.766052683,258547.766052683,0,1,NA,NA,NA,NA,NA,12.4628396052455,0,"Cook Islands__2020"
"Cook Islands",2021,"Social",2,2,228835.460992907,228835.460992907,0,1,NA,NA,NA,NA,NA,12.3407628832782,0,"Cook Islands__2021"
"Costa Rica",2013,"Social",2,1,4483455.72709094,4483455.72709094,0,1,53,1.6425788,0.49151823,20476.135,9.92701534064033,15.3159048977365,0,"Costa Rica__2013"
"Costa Rica",2013,"Strategic",2,2,449111546.481307,449111546.481307,1,0.5,53,1.6425788,0.49151823,20476.135,9.92701534064033,19.922781850222,1,"Costa Rica__2013"
"Costa Rica",2014,"Social",1,1,57568.9520332413,57568.9520332413,0,0,54,1.5053035,0.4863214,20974.729,9.95107361110891,10.9607560444793,0,"Costa Rica__2014"
"Costa Rica",2014,"Strategic",1,1,55354761.5704244,55354761.5704244,1,1,54,1.5053035,0.4863214,20974.729,9.95107361110891,17.8292732580501,1,"Costa Rica__2014"
"Costa Rica",2017,"Social",1,1,20234502.2224634,20234502.2224634,0,1,59,1.1723511,0.4834524,22895.232,10.0386839582567,16.8228997855812,0,"Costa Rica__2017"
"Costa Rica",2018,"Social",2,2,18867420.7841964,18867420.7841964,0,1,56,1.5057526,0.47970015,23282.604,10.0554617512601,16.7529472776017,0,"Costa Rica__2018"
"Costa Rica",2020,"Social",15,6,305396.759714158,305396.759714158,0,0.933333333333333,NA,2.2913265,0.4924514,22479.59,10.0203630654071,12.6293703361607,0,"Costa Rica__2020"
"Costa Rica",2021,"Social",2,1,4826720.72593879,4826720.72593879,0,0.5,NA,1.2421939,0.48678052,24140.434,10.0916434729489,15.3896780634964,0,"Costa Rica__2021"
"Cote d'Ivoire",2013,"Social",4,3,4495173.9543873,4495173.9543873,0,1,27,NA,NA,4597.1865,8.4331997649202,15.3185151471298,0,"Cote d'Ivoire__2013"
"Cote d'Ivoire",2013,"Strategic",1,1,564018276.094917,564018276.094917,1,0,27,NA,NA,4597.1865,8.4331997649202,20.1505972151339,1,"Cote d'Ivoire__2013"
"Cote d'Ivoire",2014,"Social",7,3,163604957.767969,163604957.767969,0.285714285714286,1,32,NA,NA,4907.5747,8.49853514763436,18.9129652919912,0,"Cote d'Ivoire__2014"
"Cote d'Ivoire",2014,"Strategic",3,3,901622072.617197,901622072.617197,0.666666666666667,0.666666666666667,32,NA,NA,4907.5747,8.49853514763436,20.6197060031066,1,"Cote d'Ivoire__2014"
"Cote d'Ivoire",2015,"Social",2,1,910799.346348629,910799.346348629,0,0.5,32,33.447136,0.41468868,5110.8623,8.5391234165153,13.7220789934402,0,"Cote d'Ivoire__2015"
"Cote d'Ivoire",2015,"Strategic",3,3,912178421.197142,912178421.197142,0.666666666666667,0.666666666666667,32,33.447136,0.41468868,5110.8623,8.5391234165153,20.631346167278,1,"Cote d'Ivoire__2015"
"Cote d'Ivoire",2016,"Social",6,3,108648205.21021,108648205.21021,0.333333333333333,0.833333333333333,34,NA,NA,5320.8467,8.57938772380735,18.5036257547302,0,"Cote d'Ivoire__2016"
"Cote d'Ivoire",2017,"Social",3,3,26064862.3562034,26064862.3562034,0,1,36,NA,NA,5556.114,8.62265422202227,17.076098733746,0,"Cote d'Ivoire__2017"
"Cote d'Ivoire",2017,"Strategic",4,2,138128199.23052,138128199.23052,0.75,0.75,36,NA,NA,5556.114,8.62265422202227,18.7436927990576,1,"Cote d'Ivoire__2017"
"Cote d'Ivoire",2018,"Social",16,9,443105172.37608,443105172.37608,0.375,0.6875,35,11.502216,0.37168875,5670.2,8.64297966946831,19.9093177115159,0,"Cote d'Ivoire__2018"
"Cote d'Ivoire",2018,"Strategic",3,3,588261920.845608,588261920.845608,1,1,35,11.502216,0.37168875,5670.2,8.64297966946831,20.1926828519972,1,"Cote d'Ivoire__2018"
"Cote d'Ivoire",2019,"Social",11,5,664802037.560168,664802037.560168,0.363636363636364,0.727272727272727,NA,NA,NA,5894.879,8.68183928689143,20.3149998679271,0,"Cote d'Ivoire__2019"
"Cote d'Ivoire",2019,"Strategic",5,5,673480010.555876,673480010.555876,1,0.2,NA,NA,NA,5894.879,8.68183928689143,20.3279688749123,1,"Cote d'Ivoire__2019"
"Cote d'Ivoire",2020,"Social",18,15,142539739.991899,142539739.991899,0.0555555555555556,0.944444444444444,NA,NA,NA,5787.8154,8.66351019366985,18.7751314029457,0,"Cote d'Ivoire__2020"
"Cote d'Ivoire",2020,"Strategic",2,2,607608114.435035,607608114.435035,1,0.5,NA,NA,NA,5787.8154,8.66351019366985,20.2250406851389,1,"Cote d'Ivoire__2020"
"Cote d'Ivoire",2021,"Social",4,2,16531200,16531200,0,0.5,NA,9.733192,0.35275364,6045.2046,8.70702060862997,16.6207601229353,0,"Cote d'Ivoire__2021"
"Cote d'Ivoire",2021,"Strategic",1,1,69816654.73675,69816654.73675,1,1,NA,9.733192,0.35275364,6045.2046,8.70702060862997,18.0613831601375,1,"Cote d'Ivoire__2021"
"Cuba",2014,"Strategic",2,1,132851427.769018,132851427.769018,0.5,1,46,NA,NA,NA,NA,18.7047419848659,1,"Cuba__2014"
"Cuba",2015,"Social",3,1,809041.023520332,809041.023520332,0,0.666666666666667,47,NA,NA,NA,NA,13.6036061397105,0,"Cuba__2015"
"Cuba",2015,"Strategic",4,3,120689514.75252,120689514.75252,0.5,0.75,47,NA,NA,NA,NA,18.6087318202612,1,"Cuba__2015"
"Cuba",2016,"Strategic",8,3,572690186.553856,572690186.553856,1,0.375,47,NA,NA,NA,NA,20.1658554435589,1,"Cuba__2016"
"Cuba",2017,"Strategic",7,6,308826626.081621,308826626.081621,0.714285714285714,0.571428571428571,47,NA,NA,NA,NA,19.5482905999934,1,"Cuba__2017"
"Cuba",2018,"Strategic",1,1,3269549.24363603,3269549.24363603,0,1,47,NA,NA,NA,NA,15.0001629932415,1,"Cuba__2018"
"Cuba",2020,"Social",5,4,1183869.55927068,1183869.55927068,0,1,NA,NA,NA,NA,NA,13.9842997635094,0,"Cuba__2020"
"Cuba",2021,"Social",7,5,3018684.52,3018684.52,0,1,NA,NA,NA,NA,NA,14.9203320363205,0,"Cuba__2021"
"Djibouti",2013,"Social",7,4,420841036.972335,420841036.972335,0.285714285714286,0.857142857142857,36,24.925982,0.44117805,4446.4136,8.39985311763775,19.8577657383312,0,"Djibouti__2013"
"Djibouti",2013,"Strategic",1,1,554760480.111095,554760480.111095,1,0,36,24.925982,0.44117805,4446.4136,8.39985311763775,20.1340470129939,1,"Djibouti__2013"
"Djibouti",2014,"Social",3,1,22141904.6281697,22141904.6281697,0,1,34,NA,NA,4675.4517,8.4500810573762,16.9129825532739,0,"Djibouti__2014"
"Djibouti",2015,"Strategic",1,1,27406125.4054221,27406125.4054221,1,0,34,NA,NA,4940.632,8.50524853722163,17.1262771378042,1,"Djibouti__2015"
"Djibouti",2016,"Strategic",2,2,465795295.203319,465795295.203319,1,0,30,NA,NA,5204.131,8.55720801225945,19.9592568170452,1,"Djibouti__2016"
"Djibouti",2017,"Social",5,3,110869013.268466,110869013.268466,0,1,31,19.079206,0.41585726,5398.751,8.59392290950296,18.523860010832,0,"Djibouti__2017"
"Djibouti",2018,"Social",6,2,8010395.64690827,8010395.64690827,0,1,31,NA,NA,5566.581,8.62453632039676,15.8962508367833,0,"Djibouti__2018"
"Djibouti",2019,"Strategic",1,1,269655506.942913,269655506.942913,1,0,NA,NA,NA,5784.448,8.66292821588752,19.412655805806,1,"Djibouti__2019"
"Djibouti",2020,"Social",8,1,390892.950835589,390892.950835589,0,1,NA,NA,NA,5773.2075,8.66098309759878,12.8761915766948,0,"Djibouti__2020"
"Djibouti",2021,"Social",4,2,23400000,23400000,0,1,NA,NA,NA,5947.861,8.69078693810725,16.968246623063,0,"Djibouti__2021"
"Dominica",2013,"Social",11,2,2517192.67664583,2517192.67664583,0,0.727272727272727,58,NA,NA,15786.826,9.66693107374425,14.7386552185731,0,"Dominica__2013"
"Dominica",2013,"Strategic",2,2,4386808.81407158,4386808.81407158,0,1,58,NA,NA,15786.826,9.66693107374425,15.294112827048,1,"Dominica__2013"
"Dominica",2016,"Strategic",1,1,12988849.5919431,12988849.5919431,0,1,59,NA,NA,16556.016,9.71450481928517,16.3796019006628,1,"Dominica__2016"
"Dominica",2019,"Social",1,1,100613.130352866,100613.130352866,0,1,NA,NA,NA,17318.963,9.75955730734475,11.5190479875482,0,"Dominica__2019"
"Dominica",2020,"Social",4,2,568363.853769741,568363.853769741,0,1,NA,NA,NA,14508.923,9.58251911845081,13.2505188396722,0,"Dominica__2020"
"Dominica",2021,"Social",9,4,32046800,32046800,0,1,NA,NA,NA,15594.285,9.65465977996264,17.2827079235568,0,"Dominica__2021"
"Dominican Republic",2019,"Social",2,1,14234941.340249,14234941.340249,0,1,NA,0.83268654,0.41917086,21363.861,9.96945603516626,16.471210228124,0,"Dominican Republic__2019"
"Dominican Republic",2020,"Social",8,3,1119799.13406628,1119799.13406628,0,1,NA,0.95941836,0.39628294,19721.32,9.88945556303611,13.9286607756203,0,"Dominican Republic__2020"
"Dominican Republic",2021,"Social",5,5,37251990,37251990,0,1,NA,0.85372853,0.38529298,21912.26,9.99480157651691,17.4332159510259,0,"Dominican Republic__2021"
"Ecuador",2013,"Social",1,1,4512146.20875934,4512146.20875934,0,1,35,3.2410893,0.46862358,13672.307,9.52312767919517,15.3222836976826,0,"Ecuador__2013"
"Ecuador",2013,"Strategic",3,3,781368062.238805,781368062.238805,1,0.333333333333333,35,3.2410893,0.46862358,13672.307,9.52312767919517,20.4765568685429,1,"Ecuador__2013"
"Ecuador",2014,"Social",1,1,33212856.9422546,33212856.9422546,1,1,33,2.6356108,0.4499254,14047.491,9.55019908230275,17.3184476463276,0,"Ecuador__2014"
"Ecuador",2014,"Strategic",6,6,2297990897.56707,2297990897.56707,0.833333333333333,0.5,33,2.6356108,0.4499254,14047.491,9.55019908230275,21.5553010557764,1,"Ecuador__2014"
"Ecuador",2015,"Social",6,2,17444720.0754874,17444720.0754874,0.333333333333333,1,32,3.4400663,0.459508,13864.487,9.537085957726,16.6745476436811,0,"Ecuador__2015"
"Ecuador",2015,"Strategic",3,3,114472108.097053,114472108.097053,1,0.666666666666667,32,3.4400663,0.459508,13864.487,9.537085957726,18.555841762614,1,"Ecuador__2015"
"Ecuador",2016,"Social",4,4,412788623.818672,412788623.818672,0.75,0.5,31,3.5750275,0.4501621,13569.797,9.5156017932476,19.8384462155956,0,"Ecuador__2016"
"Ecuador",2016,"Strategic",2,2,7941459.46365534,7941459.46365534,1,1,31,3.5750275,0.4501621,13569.797,9.5156017932476,15.887607753797,1,"Ecuador__2016"
"Ecuador",2017,"Social",3,2,69967901.4126941,69967901.4126941,0,1,32,3.2132533,0.44669914,14161.705,9.55829676960358,18.0635471578919,0,"Ecuador__2017"
"Ecuador",2018,"Strategic",3,3,139976782.268754,139976782.268754,1,1,34,3.3114905,0.45437902,14066.176,9.55152832923103,18.756987133027,1,"Ecuador__2018"
"Ecuador",2019,"Social",9,1,120043193.311742,120043193.311742,0.111111111111111,0.666666666666667,NA,3.5835843,0.45709932,13853.421,9.53628748472522,18.6033621885768,0,"Ecuador__2019"
"Ecuador",2019,"Strategic",1,1,63841128.3509735,63841128.3509735,1,1,NA,3.5835843,0.45709932,13853.421,9.53628748472522,17.9719082012842,1,"Ecuador__2019"
"Ecuador",2020,"Social",41,32,61873613.0464349,61873613.0464349,0.048780487804878,1,NA,6.519245,0.47309554,12425.018,9.42746729965593,17.9406043793527,0,"Ecuador__2020"
"Ecuador",2021,"Social",13,2,12600000,12600000,0,0.923076923076923,NA,3.5831802,0.45797464,13539.711,9.51338220207304,16.3492074512868,0,"Ecuador__2021"
"Egypt",2014,"Strategic",1,1,117214.207115881,117214.207115881,0,1,37,NA,NA,13136.365,9.48313961754248,11.6717669012563,1,"Egypt__2014"
"Egypt",2016,"Social",1,1,266544.602567115,266544.602567115,0,1,34,NA,NA,13727.32,9.52714328670137,12.4933006245238,0,"Egypt__2016"
"Egypt",2016,"Strategic",1,1,3553928.0342282,3553928.0342282,0,1,34,NA,NA,13727.32,9.52714328670137,15.0835643196381,1,"Egypt__2016"
"Egypt",2017,"Social",1,1,115233.815702097,115233.815702097,0,1,32,2.5048509,0.31533954,14018.36,9.54812317799746,11.654727201221,0,"Egypt__2017"
"Egypt",2017,"Strategic",8,8,1021932403.66985,1021932403.66985,0.75,0.375,32,2.5048509,0.31533954,14018.36,9.54812317799746,20.7449611862958,1,"Egypt__2017"
"Egypt",2018,"Social",1,1,54492487.3939338,54492487.3939338,1,1,35,NA,NA,14488.209,9.58109042519084,17.8135734225001,0,"Egypt__2018"
"Egypt",2018,"Strategic",2,2,816334400.977775,816334400.977775,1,1,35,NA,NA,14488.209,9.58109042519084,20.520334635326,1,"Egypt__2018"
"Egypt",2019,"Social",3,1,10815283.0182811,10815283.0182811,0,1,NA,1.4670148,0.31893092,15026.568,9.61757511335934,16.1964708785391,0,"Egypt__2019"
"Egypt",2019,"Strategic",2,2,3439231278.13441,3439231278.13441,1,0.5,NA,1.4670148,0.31893092,15026.568,9.61757511335934,21.9585138179917,1,"Egypt__2019"
"Egypt",2020,"Social",11,9,5947522.97341859,5947522.97341859,0,1,NA,NA,NA,15309.236,9.63621158538176,15.5984855519907,0,"Egypt__2020"
"Egypt",2021,"Social",5,4,79800000,79800000,0,1,NA,NA,NA,15579.016,9.65368015953546,18.1950340749514,0,"Egypt__2021"
"El Salvador",2018,"Social",4,2,15639213.832862,15639213.832862,0,0.5,35,1.8427663,0.38610572,10297.203,9.23962758394237,16.5652920893188,0,"El Salvador__2018"
"El Salvador",2019,"Social",13,6,144239079.353658,144239079.353658,0,1,NA,1.4019152,0.38778764,10543.938,9.2633063766036,18.7869827610324,0,"El Salvador__2019"
"El Salvador",2019,"Strategic",1,1,730316.99797039,730316.99797039,0,1,NA,1.4019152,0.38778764,10543.938,9.2633063766036,13.5012353319306,1,"El Salvador__2019"
"El Salvador",2020,"Social",17,7,2789300.41346252,2789300.41346252,0,1,NA,NA,NA,9692.449,9.17910240773088,14.8413017330049,0,"El Salvador__2020"
"El Salvador",2021,"Social",4,3,14029200,14029200,0,1,NA,3.5861862,0.39010745,10809.714,9.28820045329899,16.4566515010628,0,"El Salvador__2021"
"El Salvador",2021,"Strategic",1,1,42500000,42500000,1,1,NA,3.5861862,0.39010745,10809.714,9.28820045329899,17.5650146574241,1,"El Salvador__2021"
"Equatorial Guinea",2013,"Social",3,2,438640574.14688,438640574.14688,0.666666666666667,0.666666666666667,19,NA,NA,32894.37,10.4010567974899,19.899190900264,0,"Equatorial Guinea__2013"
"Equatorial Guinea",2014,"Social",4,1,110709.523140848,110709.523140848,0,0.75,NA,NA,NA,31765.9,10.3661486663703,11.6146741741684,0,"Equatorial Guinea__2014"
"Equatorial Guinea",2015,"Strategic",3,2,483700770.488527,483700770.488527,0.666666666666667,0.333333333333333,NA,NA,NA,27797.795,10.2327119799862,19.9969770327651,1,"Equatorial Guinea__2015"
"Equatorial Guinea",2016,"Social",4,1,23100532.2224833,23100532.2224833,0,1,NA,NA,NA,24435.064,10.1037744288946,16.95536625845,0,"Equatorial Guinea__2016"
"Equatorial Guinea",2016,"Strategic",2,2,350454019.973433,350454019.973433,0.5,0.5,NA,NA,NA,24435.064,10.1037744288946,19.6747400745883,1,"Equatorial Guinea__2016"
"Equatorial Guinea",2017,"Social",3,2,201897191.91591,201897191.91591,0.333333333333333,0.666666666666667,17,NA,NA,22250.44,10.0101170626798,19.1232691798477,0,"Equatorial Guinea__2017"
"Equatorial Guinea",2017,"Strategic",3,2,541012835.484382,541012835.484382,0.666666666666667,0.333333333333333,17,NA,NA,22250.44,10.0101170626798,20.1089535638571,1,"Equatorial Guinea__2017"
"Equatorial Guinea",2018,"Social",14,4,2206900.64881419,2206900.64881419,0,0.928571428571429,16,NA,NA,20165.48,9.9117275106443,14.6071001209537,0,"Equatorial Guinea__2018"
"Equatorial Guinea",2019,"Social",8,4,620621163.961143,620621163.961143,0.375,0.75,NA,NA,NA,18446.592,9.82263491695952,20.2462314134272,0,"Equatorial Guinea__2019"
"Equatorial Guinea",2019,"Strategic",2,2,107467886.933818,107467886.933818,1,1,NA,NA,NA,18446.592,9.82263491695952,18.4927026440125,1,"Equatorial Guinea__2019"
"Equatorial Guinea",2020,"Social",9,3,2242720.38449413,2242720.38449413,0,1,NA,NA,NA,17089.154,9.74619927225122,14.6232005902248,0,"Equatorial Guinea__2020"
"Equatorial Guinea",2021,"Social",3,3,5760000,5760000,0,1,NA,NA,NA,16821.45,9.73041013670789,15.5664482062832,0,"Equatorial Guinea__2021"
"Equatorial Guinea",2021,"Strategic",1,1,6439074.35,6439074.35,1,1,NA,NA,NA,16821.45,9.73041013670789,15.6778955085795,1,"Equatorial Guinea__2021"
"Eritrea",2013,"Strategic",1,1,120699911.084312,120699911.084312,1,0,20,NA,NA,NA,NA,18.6088179576857,1,"Eritrea__2013"
"Eritrea",2014,"Social",1,1,32342269.2584425,32342269.2584425,0,1,18,NA,NA,NA,NA,17.2918856093538,0,"Eritrea__2014"
"Eritrea",2014,"Strategic",1,1,109159589.816876,109159589.816876,1,1,18,NA,NA,NA,NA,18.5083215053261,1,"Eritrea__2014"
"Eritrea",2015,"Social",2,1,1071323.64844344,1071323.64844344,0,1,18,NA,NA,NA,NA,13.8844064299608,0,"Eritrea__2015"
"Eritrea",2015,"Strategic",1,1,108299592.464368,108299592.464368,1,0,18,NA,NA,NA,NA,18.5004119581726,1,"Eritrea__2015"
"Eritrea",2016,"Strategic",2,1,44424100.4278526,44424100.4278526,0.5,0.5,18,NA,NA,NA,NA,17.6092927050779,1,"Eritrea__2016"
"Eritrea",2017,"Social",5,1,682114.564101332,682114.564101332,0,0.8,20,NA,NA,NA,NA,13.4329543712997,0,"Eritrea__2017"
"Eritrea",2018,"Strategic",3,3,1762940952.16855,1762940952.16855,1,0.333333333333333,24,NA,NA,NA,NA,21.2902492475543,1,"Eritrea__2018"
"Ethiopia",2013,"Strategic",12,11,5585845961.77583,5585845961.77583,0.916666666666667,0.25,33,NA,NA,1696.8651,7.43653776885114,22.443501728503,1,"Ethiopia__2013"
"Ethiopia",2014,"Social",6,4,50786446.4059887,50786446.4059887,0.166666666666667,0.833333333333333,33,NA,NA,1821.3915,7.50735604838296,17.743140093609,0,"Ethiopia__2014"
"Ethiopia",2014,"Strategic",5,5,888364050.048489,888364050.048489,1,0,33,NA,NA,1821.3915,7.50735604838296,20.6048921843397,1,"Ethiopia__2014"
"Ethiopia",2015,"Social",5,1,44779459.1131763,44779459.1131763,0,0.8,33,26.984606,0.34993124,1957.4144,7.57937969766232,17.6172601126347,0,"Ethiopia__2015"
"Ethiopia",2015,"Strategic",5,5,779133513.725139,779133513.725139,1,0,33,26.984606,0.34993124,1957.4144,7.57937969766232,20.4736929816075,1,"Ethiopia__2015"
"Ethiopia",2016,"Social",7,2,164152238.995021,164152238.995021,0.142857142857143,1,34,NA,NA,2084.8403,7.64244753657516,18.9163048478439,0,"Ethiopia__2016"
"Ethiopia",2016,"Strategic",5,5,793108001.614839,793108001.614839,1,0.2,34,NA,NA,2084.8403,7.64244753657516,20.4914699653,1,"Ethiopia__2016"
"Ethiopia",2017,"Social",9,1,24008.9499981006,24008.9499981006,0,0.888888888888889,35,NA,NA,2222.8281,7.70653558303901,10.0862236066684,0,"Ethiopia__2017"
"Ethiopia",2017,"Strategic",6,6,969728641.65255,969728641.65255,1,0.333333333333333,35,NA,NA,2222.8281,7.70653558303901,20.6925268404817,1,"Ethiopia__2017"
"Ethiopia",2018,"Social",8,2,265300441.17364,265300441.17364,0.25,1,34,NA,NA,2311.165,7.74550700538904,19.3963734857995,0,"Ethiopia__2018"
"Ethiopia",2018,"Strategic",3,1,2807452950.53547,2807452950.53547,0.333333333333333,0.666666666666667,34,NA,NA,2311.165,7.74550700538904,21.7555434863013,1,"Ethiopia__2018"
"Ethiopia",2019,"Social",7,2,9808858.65585321,9808858.65585321,0,1,NA,NA,NA,2437.9702,7.7989210868328,16.0987965817525,0,"Ethiopia__2019"
"Ethiopia",2020,"Social",18,16,7435602.05263134,7435602.05263134,0,1,NA,NA,NA,2516.5488,7.83064371804111,15.8217902445577,0,"Ethiopia__2020"
"Ethiopia",2021,"Social",9,8,67302799.9909742,67302799.9909742,0,1,NA,NA,NA,2588.413,7.85880022557816,18.0247124132284,0,"Ethiopia__2021"
"Fiji",2013,"Social",6,4,8095546.47686392,8095546.47686392,0,0.833333333333333,NA,0.3635516,0.36696598,11019.298,9.30740337831848,15.9068247742911,0,"Fiji__2013"
"Fiji",2013,"Strategic",1,1,9172987.82110803,9172987.82110803,0,1,NA,0.3635516,0.36696598,11019.298,9.30740337831848,16.0317737258176,1,"Fiji__2013"
"Fiji",2014,"Social",13,6,1687047.27167156,1687047.27167156,0,0.769230769230769,NA,NA,NA,11621.13,9.36058027180517,14.3384909750319,0,"Fiji__2014"
"Fiji",2015,"Social",9,5,1399434.47616866,1399434.47616866,0,0.888888888888889,NA,NA,NA,12131.092,9.40352702261818,14.1515794819578,0,"Fiji__2015"
"Fiji",2015,"Strategic",1,1,16248408.6680589,16248408.6680589,0,1,NA,NA,NA,12131.092,9.40352702261818,16.6035055953698,1,"Fiji__2015"
"Fiji",2016,"Social",10,3,415809.267735085,415809.267735085,0,0.9,NA,NA,NA,12419.825,9.42704926521107,12.9379843480287,0,"Fiji__2016"
"Fiji",2017,"Social",10,5,14449902.9307023,14449902.9307023,0,0.8,NA,NA,NA,13090.501,9.47964213166275,16.4861983241063,0,"Fiji__2017"
"Fiji",2017,"Strategic",1,1,9784469.62165662,9784469.62165662,0,1,NA,NA,NA,13090.501,9.47964213166275,16.0963070563428,1,"Fiji__2017"
"Fiji",2018,"Social",9,1,24625.1550533187,24625.1550533187,0,1,NA,NA,NA,13612.952,9.51877697146497,10.1115643706588,0,"Fiji__2018"
"Fiji",2019,"Social",7,1,22471.2922452427,22471.2922452427,0,1,NA,1.3182689,0.30706868,13567.474,9.51543058959152,10.0200383735608,0,"Fiji__2019"
"Fiji",2019,"Strategic",1,1,15704286.489487,15704286.489487,0,1,NA,1.3182689,0.30706868,13567.474,9.51543058959152,16.569444321539,1,"Fiji__2019"
"Fiji",2020,"Social",11,8,1919641.87937778,1919641.87937778,0,0.909090909090909,NA,NA,NA,11254.97,9.32856508785527,14.4676497263797,0,"Fiji__2020"
"Fiji",2021,"Social",8,5,1119099.19,1119099.19,0,1,NA,NA,NA,10685.197,9.27661460464459,13.9280355185854,0,"Fiji__2021"
"Gabon",2013,"Strategic",2,2,751631115.666627,751631115.666627,1,0.5,34,NA,NA,19836.455,9.89527668543831,20.4377562252142,1,"Gabon__2013"
"Gabon",2015,"Social",4,2,209080960.388351,209080960.388351,0.5,0.75,34,NA,NA,20147.71,9.91084591327377,19.1582321099826,0,"Gabon__2015"
"Gabon",2015,"Strategic",3,3,191739856.610509,191739856.610509,1,0,34,NA,NA,20147.71,9.91084591327377,19.0716501029953,1,"Gabon__2015"
"Gabon",2016,"Social",4,2,110911137.188635,110911137.188635,0.25,1,35,NA,NA,19988.176,9.9028961777085,18.5242398818007,0,"Gabon__2016"
"Gabon",2016,"Strategic",2,2,182300616.308084,182300616.308084,0.5,1,35,NA,NA,19988.176,9.9028961777085,19.0211676258641,1,"Gabon__2016"
"Gabon",2018,"Social",8,2,63538498.2464056,63538498.2464056,0.125,0.75,31,NA,NA,19225.598,9.86399789922168,17.96715656749,0,"Gabon__2018"
"Gabon",2019,"Social",2,1,40481355.4047153,40481355.4047153,0.5,1,NA,NA,NA,19491.406,9.87772892945842,17.5163520904037,0,"Gabon__2019"
"Gabon",2020,"Social",6,1,72147.6703542259,72147.6703542259,0,1,NA,NA,NA,18681.484,9.8352881518822,11.1864841351233,0,"Gabon__2020"
"Gabon",2020,"Strategic",1,1,56906652.6705097,56906652.6705097,1,1,NA,NA,NA,18681.484,9.8352881518822,17.8569228284729,1,"Gabon__2020"
"Gabon",2021,"Social",4,4,14400000,14400000,0,1,NA,NA,NA,18523.58,9.82679979405489,16.4827388339907,0,"Gabon__2021"
"Gabon",2021,"Strategic",1,1,11764705.8823529,11764705.8823529,1,1,NA,NA,NA,18523.58,9.82679979405489,16.2806146654561,1,"Gabon__2021"
"Gambia",2016,"Social",2,1,53308920.5134231,53308920.5134231,0,1,26,NA,NA,2478.4604,7.8153928399273,17.7916142581202,0,"Gambia__2016"
"Gambia",2017,"Social",7,1,119370.048717733,119370.048717733,0,0.714285714285714,30,NA,NA,2533.1868,7.83723339382813,11.6899919774885,0,"Gambia__2017"
"Gambia",2017,"Strategic",1,1,98749725.4449498,98749725.4449498,0,1,30,NA,NA,2533.1868,7.83723339382813,18.4080991915639,1,"Gambia__2017"
"Gambia",2018,"Social",5,1,315677.910875354,315677.910875354,0,1,37,NA,NA,2651.4329,7.88285548982665,12.6624808711597,0,"Gambia__2018"
"Gambia",2019,"Social",9,3,381796.04427828,381796.04427828,0,0.888888888888889,NA,NA,NA,2750.8213,7.91965480061768,12.8526444486992,0,"Gambia__2019"
"Gambia",2020,"Social",13,4,327343.850071204,327343.850071204,0,0.846153846153846,NA,17.242134,0.38757205,2702.319,7.90186557224731,12.6987694815665,0,"Gambia__2020"
"Gambia",2021,"Social",5,5,9424322.09710982,9424322.09710982,0,1,NA,NA,NA,2777.7961,7.92941312249236,16.0588044687839,0,"Gambia__2021"
"Georgia",2014,"Social",3,1,5390378.20974042,5390378.20974042,0,0.333333333333333,52,6.127039,0.37554133,14475.313,9.58019992569618,15.5001262947222,0,"Georgia__2014"
"Georgia",2016,"Social",2,1,10661784.1026846,10661784.1026846,0,0.5,57,4.9133716,0.3663965,15442.956,9.64490825603161,16.1821764207204,0,"Georgia__2016"
"Georgia",2017,"Social",1,1,8526432.05126664,8526432.05126664,0,1,56,6.2298656,0.37939596,16237.624,9.69508629759327,15.958681666862,0,"Georgia__2017"
"Georgia",2020,"Social",3,2,1121080.98299647,1121080.98299647,0,1,NA,5.8068676,0.3446499,17031.145,9.74279900568903,13.9298048331861,0,"Georgia__2020"
"Ghana",2013,"Social",6,3,177057560.403343,177057560.403343,0.166666666666667,0.833333333333333,46,NA,NA,5593.775,8.62940965128692,18.9919854433388,0,"Ghana__2013"
"Ghana",2014,"Social",4,2,927285.431931238,927285.431931238,0,1,48,NA,NA,5619.0723,8.63392185808761,13.7400177848806,0,"Ghana__2014"
"Ghana",2014,"Strategic",4,4,191663624.923136,191663624.923136,0.5,0.5,48,NA,NA,5619.0723,8.63392185808761,19.0712524452188,1,"Ghana__2014"
"Ghana",2015,"Social",7,3,23923735.4758644,23923735.4758644,0,1,47,NA,NA,5607.366,8.63183636954174,16.9903816820326,0,"Ghana__2015"
"Ghana",2016,"Social",7,2,1322693.74120072,1322693.74120072,0,0.857142857142857,43,25.208553,0.43512443,5666.078,8.64225244662116,14.0951816841997,0,"Ghana__2016"
"Ghana",2016,"Strategic",6,6,832387736.227003,832387736.227003,1,0,43,25.208553,0.43512443,5666.078,8.64225244662116,20.539808920548,1,"Ghana__2016"
"Ghana",2017,"Social",7,1,17052864.1025332,17052864.1025332,0,1,40,NA,NA,5993.631,8.69845268442006,16.6518287887808,0,"Ghana__2017"
"Ghana",2017,"Strategic",4,2,110965896.260586,110965896.260586,0.5,0.5,40,NA,NA,5993.631,8.69845268442006,18.5247334801846,1,"Ghana__2017"
"Ghana",2018,"Social",18,11,132192915.920095,132192915.920095,0.0555555555555556,1,41,NA,NA,6234.512,8.73785558720823,18.6997729054298,0,"Ghana__2018"
"Ghana",2018,"Strategic",12,11,702648509.283756,702648509.283756,0.833333333333333,0.916666666666667,41,NA,NA,6234.512,8.73785558720823,20.370367339369,1,"Ghana__2018"
"Ghana",2019,"Social",8,4,338735525.906326,338735525.906326,0.125,0.875,NA,NA,NA,6508.2466,8.7808253594465,19.6407302042457,0,"Ghana__2019"
"Ghana",2019,"Strategic",5,4,391339918.430847,391339918.430847,0.6,0.6,NA,NA,NA,6508.2466,8.7808253594465,19.785087099434,1,"Ghana__2019"
"Ghana",2020,"Social",21,15,311196569.879425,311196569.879425,0.0952380952380952,1,NA,NA,NA,6412.6855,8.76603341693587,19.5559353311828,0,"Ghana__2020"
"Ghana",2020,"Strategic",3,3,378579845.667743,378579845.667743,1,0,NA,NA,NA,6412.6855,8.76603341693587,19.7519375641228,1,"Ghana__2020"
"Ghana",2021,"Social",2,1,1000000,1000000,0,1,NA,NA,NA,6607.503,8.79596110050785,13.8155115579638,0,"Ghana__2021"
"Grenada",2014,"Social",8,3,233793.04968315,233793.04968315,0,1,NA,NA,NA,14296.709,9.56778464990162,12.3621958772392,0,"Grenada__2014"
"Grenada",2016,"Social",4,1,9213.81757872112,9213.81757872112,0,1,56,NA,NA,15650.412,9.65825252150037,9.12856807378439,0,"Grenada__2016"
"Grenada",2017,"Social",6,1,64442773.4434733,64442773.4434733,0,1,52,NA,NA,16301.473,9.69901075081006,17.9812881700246,0,"Grenada__2017"
"Grenada",2017,"Strategic",2,1,78613703.5126785,78613703.5126785,0.5,1,52,NA,NA,16301.473,9.69901075081006,18.1800565998686,1,"Grenada__2017"
"Grenada",2019,"Social",7,4,133163.213305142,133163.213305142,0,1,NA,NA,NA,17047.355,9.74375033871265,11.7993383321102,0,"Grenada__2019"
"Grenada",2019,"Strategic",3,2,55179506.5133184,55179506.5133184,0,1,NA,NA,NA,17047.355,9.74375033871265,17.8261022016197,1,"Grenada__2019"
"Grenada",2020,"Social",11,5,549899.723547155,549899.723547155,0,1,NA,NA,NA,14656.721,9.59265428057288,13.2174930382746,0,"Grenada__2020"
"Grenada",2020,"Strategic",1,1,620465.001326332,620465.001326332,0,1,NA,NA,NA,14656.721,9.59265428057288,13.3382260897426,1,"Grenada__2020"
"Grenada",2021,"Social",13,5,828114.5,828114.5,0,0.846153846153846,NA,NA,NA,15298.123,9.63548542011619,13.6269079163928,0,"Grenada__2021"
"Guinea",2013,"Strategic",2,1,377497432.190328,377497432.190328,0.5,0.5,24,NA,NA,2802.56,7.93828856417298,19.7490743271344,1,"Guinea__2013"
"Guinea",2014,"Social",11,1,5535476.15704244,5535476.15704244,0,1,25,NA,NA,2834.9663,7.94978532896598,15.5266883276437,0,"Guinea__2014"
"Guinea",2015,"Social",9,1,17956.4091132632,17956.4091132632,0,1,25,NA,NA,2869.8516,7.96201560009972,9.79575807272291,0,"Guinea__2015"
"Guinea",2015,"Strategic",1,1,87609924.8579158,87609924.8579158,1,0,25,NA,NA,2869.8516,7.96201560009972,18.288404858368,1,"Guinea__2015"
"Guinea",2017,"Social",8,2,22595044.9358565,22595044.9358565,0,0.75,27,NA,NA,3332.7659,8.1115578388173,16.9332412338353,0,"Guinea__2017"
"Guinea",2018,"Social",5,1,277911685.709062,277911685.709062,0.2,1,28,13.8201,0.29591954,3455.645,8.14776440474049,19.4428139474775,0,"Guinea__2018"
"Guinea",2018,"Strategic",8,5,1943378672.61806,1943378672.61806,0.875,0.625,28,13.8201,0.29591954,3455.645,8.14776440474049,21.3876938795614,1,"Guinea__2018"
"Guinea",2019,"Social",4,1,33706938.3678641,33706938.3678641,0,1,NA,NA,NA,3557.4624,8.1768027606882,17.3332142900852,0,"Guinea__2019"
"Guinea",2020,"Social",4,1,551270.74437842,551270.74437842,0,1,NA,NA,NA,3630.9934,8.1972615537316,13.2199831505497,0,"Guinea__2020"
"Guinea",2020,"Strategic",1,1,926974711.981541,926974711.981541,1,0,NA,NA,NA,3630.9934,8.1972615537316,20.647436844821,1,"Guinea__2020"
"Guinea",2021,"Social",5,3,9000000,9000000,0,1,NA,NA,NA,3738.8052,8.22652137412805,16.0127352464116,0,"Guinea__2021"
"Guinea-Bissau",2013,"Social",2,1,5151833.17677515,5151833.17677515,0,1,19,NA,NA,2131.8306,7.664736326219,15.4548633600634,0,"Guinea-Bissau__2013"
"Guinea-Bissau",2013,"Strategic",1,1,2538082.24242712,2538082.24242712,0,1,19,NA,NA,2131.8306,7.664736326219,14.7469197251533,1,"Guinea-Bissau__2013"
"Guinea-Bissau",2014,"Social",5,1,179679.273658014,179679.273658014,0,1,19,NA,NA,2096.5789,7.64806220005483,12.098934293001,0,"Guinea-Bissau__2014"
"Guinea-Bissau",2015,"Social",3,2,1713358.25475294,1713358.25475294,0,1,17,NA,NA,2168.7163,7.68189070466954,14.353966477882,0,"Guinea-Bissau__2015"
"Guinea-Bissau",2016,"Social",4,1,14169.6541003016,14169.6541003016,0,1,16,NA,NA,2227.1567,7.70848102849996,9.55892849254395,0,"Guinea-Bissau__2016"
"Guinea-Bissau",2018,"Strategic",1,1,17982520.8399981,17982520.8399981,0,1,16,21.66049,0.34765232,2307.8696,7.7440801268984,16.7049108352369,1,"Guinea-Bissau__2018"
"Guinea-Bissau",2020,"Social",7,3,334336.325034691,334336.325034691,0,1,NA,NA,NA,2360.5312,7.76664195743765,12.7199057174909,0,"Guinea-Bissau__2020"
"Guinea-Bissau",2021,"Social",9,3,7200000,7200000,0,1,NA,25.962856,0.33435068,2450.978,7.80424240755964,15.7895917228752,0,"Guinea-Bissau__2021"
"Guyana",2014,"Social",2,1,80438.3410045865,80438.3410045865,0,1,30,NA,NA,12030.053,9.39516321461156,11.2952586514685,0,"Guyana__2014"
"Guyana",2015,"Social",2,2,452171.076944159,452171.076944159,0,1,29,NA,NA,12040.082,9.39599652947085,13.0218180875699,0,"Guyana__2015"
"Guyana",2015,"Strategic",1,1,48209564.1799549,48209564.1799549,1,1,29,NA,NA,12040.082,9.39599652947085,17.6910680070496,1,"Guyana__2015"
"Guyana",2016,"Social",2,1,495937.893510556,495937.893510556,0,1,34,NA,NA,12420.472,9.42710135798598,13.1142079995501,0,"Guyana__2016"
"Guyana",2017,"Social",11,8,3606594.14126961,3606594.14126961,0,1,38,NA,NA,12801.641,9.45732864481539,15.0982747110769,0,"Guyana__2017"
"Guyana",2017,"Strategic",1,1,53518521.1178853,53518521.1178853,1,1,38,NA,NA,12801.641,9.45732864481539,17.7955383597611,1,"Guyana__2017"
"Guyana",2018,"Social",8,5,12335258.9133635,12335258.9133635,0,0.875,37,NA,NA,12980.357,9.47119249373194,16.3279723789326,0,"Guyana__2018"
"Guyana",2019,"Social",7,2,38209061.7691985,38209061.7691985,0,0.714285714285714,NA,NA,NA,13402.422,9.50319071587502,17.4585832907056,0,"Guyana__2019"
"Guyana",2020,"Social",9,6,32379639.9335348,32379639.9335348,0,0.777777777777778,NA,NA,NA,19234.129,9.86444153212318,17.2930404170088,0,"Guyana__2020"
"Guyana",2021,"Social",7,3,489496.402877698,489496.402877698,0,1,NA,NA,NA,22865.932,10.0374033962499,13.1011344352751,0,"Guyana__2021"
"Guyana",2021,"Strategic",2,2,210000000,210000000,1,0,NA,NA,NA,22865.932,10.0374033962499,19.1626180934436,1,"Guyana__2021"
"Haiti",2016,"Social",6,2,70848.270501508,70848.270501508,0,0.833333333333333,20,NA,NA,3435.7312,8.1419850495434,11.1683099486863,0,"Haiti__2016"
"Honduras",2013,"Strategic",1,1,335838967.980348,335838967.980348,1,0,26,14.568504,0.49958706,5644.134,8.6383720547178,19.6321423440591,1,"Honduras__2013"
"India",2013,"Strategic",4,3,714430669.963908,714430669.963908,1,0,36,NA,NA,5732.2417,8.65386195484204,20.3869965190853,1,"India__2013"
"India",2015,"Strategic",1,1,16834133.5436842,16834133.5436842,1,0,38,18.751444,0.3468829,6488.146,8.77773209862467,16.6389192010993,1,"India__2015"
"India",2016,"Strategic",3,3,530688970.191545,530688970.191545,1,0,40,18.123507,0.34746763,6940.626,8.84514725116203,20.0896866659571,1,"India__2016"
"India",2018,"Social",4,1,95590.8297232795,95590.8297232795,0,0.5,41,11.096276,0.34550628,7714.34,8.95083621350338,11.4678426322417,0,"India__2018"
"India",2020,"Strategic",1,1,101530636.580682,101530636.580682,1,1,NA,15.454644,0.33778515,7399.531,8.90917189880539,18.4358711589847,1,"India__2020"
"Indonesia",2013,"Strategic",12,11,3910630331.12071,3910630331.12071,0.916666666666667,0.25,32,10.808527,0.38926852,10121.814,9.22244817579013,22.0869644082118,1,"Indonesia__2013"
"Indonesia",2014,"Strategic",7,7,1350647689.92369,1350647689.92369,1,0.142857142857143,34,9.682687,0.3877997,10504.387,9.25954825841133,21.023850085398,1,"Indonesia__2014"
"Indonesia",2015,"Social",5,5,305489803.292756,305489803.292756,0.8,0.6,36,8.451447,0.38207534,10893.662,9.29593643120931,19.5374269621819,0,"Indonesia__2015"
"Indonesia",2015,"Strategic",9,9,2123054135.62974,2123054135.62974,1,0,36,8.451447,0.38207534,10893.662,9.29593643120931,21.4761215194035,1,"Indonesia__2015"
"Indonesia",2016,"Social",2,1,1776964.0171141,1776964.0171141,0,1,37,6.6683493,0.368857,11319.663,9.33429658099601,14.3904174204569,0,"Indonesia__2016"
"Indonesia",2016,"Strategic",17,16,4747741817.00582,4747741817.00582,1,0.0588235294117647,37,6.6683493,0.368857,11319.663,9.33429658099601,22.2809349352157,1,"Indonesia__2016"
"Indonesia",2017,"Strategic",24,24,6742193037.66277,6742193037.66277,1,0.0833333333333333,37,4.302148,0.3636789,11772.574,9.37352786793359,22.6316510856033,1,"Indonesia__2017"
"Indonesia",2018,"Strategic",11,11,2114885113.79739,2114885113.79739,1,0.272727272727273,38,4.4100747,0.36338645,12262.231,9.41427916683382,21.4722663287246,1,"Indonesia__2018"
"Indonesia",2019,"Strategic",6,6,1549834329.3438,1549834329.3438,1,0,NA,3.3554103,0.35359862,12757.785,9.45389695248871,21.1614138785159,1,"Indonesia__2019"
"Indonesia",2020,"Social",4,4,3996991.45855238,3996991.45855238,0,1,NA,2.8259249,0.35335615,12388.545,9.4245275343133,15.2010527509147,0,"Indonesia__2020"
"Indonesia",2020,"Strategic",6,6,464337123.275195,464337123.275195,1,0,NA,2.8259249,0.35335615,12388.545,9.4245275343133,19.9561214073108,1,"Indonesia__2020"
"Indonesia",2021,"Social",7,6,75944125.0790698,75944125.0790698,0,1,NA,2.8577144,0.35504764,12757.074,9.45384122025832,18.1455084447008,0,"Indonesia__2021"
"Indonesia",2021,"Strategic",6,6,686666663.999996,686666663.999996,1,0,NA,2.8577144,0.35504764,12757.074,9.45384122025832,20.3473595286526,1,"Indonesia__2021"
"Iran",2013,"Strategic",2,2,134044583.496718,134044583.496718,1,0.5,25,0.28810316,0.3396952,13804.791,9.53277098480742,18.7136830227009,1,"Iran__2013"
"Iran",2014,"Social",2,2,215622788.462682,215622788.462682,1,0.5,27,0.6163683,0.34814033,14299.571,9.56798481579799,19.1890410939301,0,"Iran__2014"
"Iran",2014,"Strategic",6,6,3896127252.18173,3896127252.18173,1,0,27,0.6163683,0.34814033,14299.571,9.56798481579799,22.0832488847143,1,"Iran__2014"
"Iran",2015,"Strategic",1,1,1144721080.97053,1144721080.97053,1,0,27,0.40074104,0.35264048,13905.192,9.54001757455548,20.8584268477459,1,"Iran__2015"
"Iran",2016,"Strategic",3,3,1663922781.34721,1663922781.34721,1,0.333333333333333,29,0.4450634,0.35912308,14915.594,9.61016252183467,21.2324437734293,1,"Iran__2016"
"Iran",2017,"Social",1,1,377966915.502879,377966915.502879,1,1,30,0.32945344,0.36693677,15108.109,9.622986898527,19.7503172272744,0,"Iran__2017"
"Iran",2017,"Strategic",5,4,3413247915.28948,3413247915.28948,0.8,0.4,30,0.32945344,0.36693677,15108.109,9.622986898527,21.950930143052,1,"Iran__2017"
"Iran",2018,"Strategic",4,4,3580815345.51452,3580815345.51452,1,0,28,0.6712102,0.37419906,14642.498,9.59168340137523,21.9988563618509,1,"Iran__2018"
"Iran",2019,"Strategic",2,2,3062368267.26263,3062368267.26263,1,0,NA,0.72633666,0.36482257,14040.665,9.5497130411305,21.8424543974473,1,"Iran__2019"
"Iran",2020,"Social",6,4,399995.172405045,399995.172405045,0,1,NA,0.8114429,0.3584295,14397.153,9.57478575768389,12.8992102570569,0,"Iran__2020"
"Iran",2021,"Social",6,3,45000000,45000000,0,0.666666666666667,NA,0.65237933,0.3546873,14951.895,9.61259332663883,17.6221730699568,0,"Iran__2021"
"Iraq",2013,"Strategic",1,1,465879096.054401,465879096.054401,1,0,16,NA,NA,13712.932,9.52609460818934,19.9594367100463,1,"Iraq__2013"
"Iraq",2014,"Strategic",1,1,393018807.150013,393018807.150013,1,0,16,NA,NA,13536.823,9.51316888082513,19.7893680265765,1,"Iraq__2014"
"Iraq",2016,"Strategic",3,2,1285718988.92612,1285718988.92612,1,0.333333333333333,17,NA,NA,15016.092,9.61687770504566,20.974583924052,1,"Iraq__2016"
"Iraq",2018,"Strategic",4,4,760392528.493944,760392528.493944,1,0,18,NA,NA,14456.235,9.57888108836572,20.4493453440878,1,"Iraq__2018"
"Iraq",2019,"Social",4,2,528075.367763205,528075.367763205,0,0.5,NA,NA,NA,14910.225,9.60980249818818,13.1769961881448,0,"Iraq__2019"
"Iraq",2019,"Strategic",2,2,1273373225.73234,1273373225.73234,1,0,NA,NA,NA,14910.225,9.60980249818818,20.9649353003005,1,"Iraq__2019"
"Iraq",2020,"Strategic",1,1,1261760467.13576,1261760467.13576,1,0,NA,NA,NA,12827.635,9.45935710702502,20.9557737796715,1,"Iraq__2020"
"Iraq",2021,"Social",9,6,1647400000,1647400000,0.111111111111111,0.888888888888889,NA,NA,NA,12731.754,9.45185446682041,21.2224641250784,0,"Iraq__2021"
"Iraq",2021,"Strategic",3,3,756950000,756950000,1,0.333333333333333,NA,NA,NA,12731.754,9.45185446682041,20.4448077603433,1,"Iraq__2021"
"Israel",2014,"Strategic",5,5,2007990896.04204,2007990896.04204,1,0,60,0.49243245,0.3975749,40702.75,10.6140509367157,21.42040050542,1,"Israel__2014"
"Israel",2015,"Social",3,3,448910227.83158,448910227.83158,1,0,61,0.49385363,0.3971953,40827.438,10.6171096343655,19.9223334899296,0,"Israel__2015"
"Israel",2020,"Strategic",2,2,140009276.386246,140009276.386246,1,0,NA,0.44975653,0.37773558,43004.207,10.6690532270993,18.7572192454226,1,"Israel__2020"
"Jamaica",2013,"Social",8,6,7485443.46639774,7485443.46639774,0,0.875,38,NA,NA,9687.608,9.17860282198656,15.8284709550211,0,"Jamaica__2013"
"Jamaica",2013,"Strategic",3,3,855082469.898156,855082469.898156,1,0,38,NA,NA,9687.608,9.17860282198656,20.5667084794402,1,"Jamaica__2013"
"Jamaica",2014,"Social",5,1,8998191.76143082,8998191.76143082,0.2,1,38,NA,NA,9719.304,9.18186928995246,16.0125343108511,0,"Jamaica__2014"
"Jamaica",2014,"Strategic",1,1,22870337.8633891,22870337.8633891,1,1,38,NA,NA,9719.304,9.18186928995246,16.9453513828279,1,"Jamaica__2014"
"Jamaica",2015,"Social",3,1,448910.22783158,448910.22783158,0,0.333333333333333,41,NA,NA,9778.118,9.18790231097332,13.0145804363342,0,"Jamaica__2015"
"Jamaica",2016,"Social",2,1,6140183.44346403,6140183.44346403,0,0.5,39,NA,NA,9886.552,9.19893072884462,15.6303653393243,0,"Jamaica__2016"
"Jamaica",2016,"Strategic",2,2,203638777.705733,203638777.705733,1,0.5,39,NA,NA,9886.552,9.19893072884462,19.1318582896603,1,"Jamaica__2016"
"Jamaica",2017,"Social",2,1,2650377.76114824,2650377.76114824,0,1,44,NA,NA,9964.391,9.20677311688072,14.7902131164843,0,"Jamaica__2017"
"Jamaica",2017,"Strategic",1,1,376123174.451645,376123174.451645,1,0,44,NA,NA,9964.391,9.20677311688072,19.7454272419932,1,"Jamaica__2017"
"Jamaica",2018,"Social",15,7,45011395.0956435,45011395.0956435,0,0.8,44,0.05606334,0.3563868,10137.111,9.22395832530765,17.622426262243,0,"Jamaica__2018"
"Jamaica",2020,"Social",4,3,135311.191146886,135311.191146886,0,1,NA,NA,NA,9178.32,9.12459946033085,11.8153399146591,0,"Jamaica__2020"
"Jamaica",2021,"Social",3,3,1950155.25899993,1950155.25899993,0,1,NA,0.30976602,0.4021027,9577.164,9.16713679373545,14.4834200601499,0,"Jamaica__2021"
"Jordan",2016,"Social",6,1,3553928.0342282,3553928.0342282,0,0.833333333333333,48,NA,NA,9321.904,9.14012217866039,15.0835643196381,0,"Jordan__2016"
"Jordan",2016,"Strategic",2,2,153504586.086601,153504586.086601,1,1,48,NA,NA,9321.904,9.14012217866039,18.8492410078454,1,"Jordan__2016"
"Jordan",2017,"Strategic",5,5,1830001525.09697,1830001525.09697,0.8,0.2,48,NA,NA,9339.811,9.14204129547211,21.3275826377322,1,"Jordan__2017"
"Jordan",2019,"Social",7,1,112356.461226213,112356.461226213,0,0.571428571428571,NA,NA,NA,9288.527,9.1365352616475,11.6294406859666,0,"Jordan__2019"
"Jordan",2020,"Social",2,2,1177816.30271775,1177816.30271775,0,1,NA,NA,NA,9022.64,9.10749225316021,13.9791735400943,0,"Jordan__2020"
"Jordan",2021,"Social",3,2,12600000,12600000,0,1,NA,NA,NA,9182.496,9.12505434208251,16.3492074512868,0,"Jordan__2021"
"Kazakhstan",2013,"Social",2,2,107325571.310584,107325571.310584,0,1,26,0.033109628,0.2706543,30177.488,10.314851494928,18.4913775045609,0,"Kazakhstan__2013"
"Kazakhstan",2013,"Strategic",2,2,789625586.532884,789625586.532884,1,0.5,26,0.033109628,0.2706543,30177.488,10.314851494928,20.4870694512486,1,"Kazakhstan__2013"
"Kazakhstan",2014,"Social",1,1,70521.9662407207,70521.9662407207,0,1,29,0.01927526,0.2701586,30986.438,10.3413049038723,11.1636936980311,0,"Kazakhstan__2014"
"Kazakhstan",2014,"Strategic",1,1,221419046.281697,221419046.281697,1,0,29,0.01927526,0.2701586,30986.438,10.3413049038723,19.215567605621,1,"Kazakhstan__2014"
"Kazakhstan",2015,"Social",1,1,71488.9537821792,71488.9537821792,0,1,28,0.038270585,0.26803666,30893.76,10.3383095007453,11.1773122122672,0,"Kazakhstan__2015"
"Kazakhstan",2015,"Strategic",4,4,1638713900.05285,1638713900.05285,1,0,28,0.038270585,0.26803666,30893.76,10.3383095007453,21.2171775644565,1,"Kazakhstan__2015"
"Kazakhstan",2016,"Social",2,1,75217.2471824343,75217.2471824343,0,0.5,29,0.05052872,0.27225325,30758.322,10.3339158707662,11.2281491292061,0,"Kazakhstan__2016"
"Kazakhstan",2016,"Strategic",2,2,2715850369.22447,2715850369.22447,1,0,29,0.05052872,0.27225325,30758.322,10.3339158707662,21.7223709531608,1,"Kazakhstan__2016"
"Kazakhstan",2017,"Social",4,2,19893620.2413629,19893620.2413629,0,1,31,0.041498996,0.27450275,31524.441,10.3585184287171,16.8059096976756,0,"Kazakhstan__2017"
"Kazakhstan",2017,"Strategic",15,15,4087384597.55833,4087384597.55833,1,0.133333333333333,31,0.041498996,0.27450275,31524.441,10.3585184287171,22.1311711400026,1,"Kazakhstan__2017"
"Kazakhstan",2018,"Social",1,1,31585.2465265919,31585.2465265919,0,1,31,0.0151407905,0.27792874,32330.227,10.3837578920372,10.3604770683318,0,"Kazakhstan__2018"
"Kazakhstan",2018,"Strategic",1,1,792552151.61792,792552151.61792,1,0,31,0.0151407905,0.27792874,32330.227,10.3837578920372,20.4907688692703,1,"Kazakhstan__2018"
"Kazakhstan",2019,"Social",3,3,69708353.0610909,69708353.0610909,0.333333333333333,0.333333333333333,NA,0.016059816,0.27968282,33298.21,10.41325892077,18.0598307259529,0,"Kazakhstan__2019"
"Kazakhstan",2019,"Strategic",5,5,2471056918.12663,2471056918.12663,1,0.6,NA,0.016059816,0.27968282,33298.21,10.41325892077,21.6279117985426,1,"Kazakhstan__2019"
"Kazakhstan",2020,"Social",8,3,1459761.80397044,1459761.80397044,0,1,NA,0.01182706,0.2868392,32011.549,10.3738520229209,14.193784517452,0,"Kazakhstan__2020"
"Kazakhstan",2020,"Strategic",5,5,827900580.318235,827900580.318235,1,0.4,NA,0.01182706,0.2868392,32011.549,10.3738520229209,20.5344036342688,1,"Kazakhstan__2020"
"Kazakhstan",2021,"Strategic",2,2,637000000,637000000,1,0.5,NA,0.017695257,0.29191533,32945.85,10.4026205835918,20.2722802151063,1,"Kazakhstan__2021"
"Kenya",2013,"Social",3,2,91188441.8525892,91188441.8525892,0.333333333333333,0.666666666666667,27,NA,NA,4443.371,8.39916860158799,18.3284387239069,0,"Kenya__2013"
"Kenya",2013,"Strategic",3,3,298665125.018923,298665125.018923,1,1,27,NA,NA,4443.371,8.39916860158799,19.514833523839,1,"Kenya__2013"
"Kenya",2014,"Social",7,4,58876248.4406739,58876248.4406739,0.142857142857143,0.571428571428571,25,NA,NA,4558.552,8.42476030822105,17.8909483319979,0,"Kenya__2014"
"Kenya",2014,"Strategic",3,3,3997191098.74444,3997191098.74444,1,0.333333333333333,25,NA,NA,4558.552,8.42476030822105,22.1088577263269,1,"Kenya__2014"
"Kenya",2015,"Social",6,2,2447884.93870196,2447884.93870196,0,0.833333333333333,25,29.365105,0.4077446,4679.622,8.45097261641891,14.7107353278613,0,"Kenya__2015"
"Kenya",2015,"Strategic",2,2,1723718364.23349,1723718364.23349,1,0.5,25,29.365105,0.4077446,4679.622,8.45097261641891,21.2677496346095,1,"Kenya__2015"
"Kenya",2016,"Social",7,2,720054589.191474,720054589.196993,0.142857142857143,0.714285714285714,26,NA,NA,4770.3105,8.47016667610347,20.3948375868106,0,"Kenya__2016"
"Kenya",2016,"Strategic",1,1,229950576.621994,229950576.621994,1,0,26,NA,NA,4770.3105,8.47016667610347,19.2533749638931,1,"Kenya__2016"
"Kenya",2017,"Social",5,3,464159504.971734,464159504.971734,0.6,0.4,28,NA,NA,4846.8623,8.48608682611647,19.9557388139877,0,"Kenya__2017"
"Kenya",2017,"Strategic",9,9,1415627385.72939,1415627385.72939,1,0.444444444444444,28,NA,NA,4846.8623,8.48608682611647,21.0708386526241,1,"Kenya__2017"
"Kenya",2018,"Social",10,4,186584655.737859,186584655.737859,0.1,0.8,27,NA,NA,5017.668,8.52072056292012,19.0443956175834,0,"Kenya__2018"
"Kenya",2018,"Strategic",1,1,196133419.371748,196133419.371748,1,1,27,NA,NA,5017.668,8.52072056292012,19.094305701795,1,"Kenya__2018"
"Kenya",2019,"Social",6,5,99607554.4487465,99607554.4487465,0.166666666666667,1,NA,NA,NA,5171.7124,8.55095913123038,18.4167485775969,0,"Kenya__2019"
"Kenya",2019,"Strategic",1,1,562905870.743331,562905870.743331,1,0,NA,NA,NA,5171.7124,8.55095913123038,20.1486229816169,1,"Kenya__2019"
"Kenya",2020,"Social",6,3,868785.184263042,868785.184263042,0,1,NA,35.03161,0.36246458,5057.4014,8.52860807305353,13.674852325944,0,"Kenya__2020"
"Kenya",2020,"Strategic",2,1,39533491.6185994,39533491.6185994,0.5,1,NA,35.03161,0.36246458,5057.4014,8.52860807305353,17.4926587849899,1,"Kenya__2020"
"Kenya",2021,"Social",3,2,3603500,3603500,0,1,NA,36.146057,0.3870143,5338.8525,8.58276602122213,15.0974164308546,0,"Kenya__2021"
"Kenya",2021,"Strategic",3,1,18241517.6942721,18241517.6942721,0.333333333333333,1,NA,36.146057,0.3870143,5338.8525,8.58276602122213,16.7192108008918,1,"Kenya__2021"
"Kiribati",2019,"Social",1,1,280891.153065534,280891.153065534,0,1,NA,1.6780767,0.27832702,2927.4836,7.98189849340665,12.5457260777272,0,"Kiribati__2019"
"Kiribati",2020,"Social",10,8,3435044.01475669,3435044.01475669,0,0.9,NA,NA,NA,2860.751,7.95883945675645,15.0495405882854,0,"Kiribati__2020"
"Kiribati",2021,"Social",18,15,12218272.9323308,12218272.9323308,0,1,NA,NA,NA,3049.4739,8.02272436291976,16.318443252331,0,"Kiribati__2021"
"Kiribati",2021,"Strategic",5,2,6986466.16541352,6986466.16541352,0,0.6,NA,NA,NA,3049.4739,8.02272436291976,15.7594855737726,1,"Kiribati__2021"
"Kyrgyzstan",2013,"Strategic",3,3,1225035333.52558,1225035333.52558,1,0,24,2.6200042,0.2881479,5418.5405,8.5975817777284,20.9262355250378,1,"Kyrgyzstan__2013"
"Kyrgyzstan",2014,"Strategic",2,1,9433161.86704574,9433161.86704574,0,0.5,27,1.0484436,0.26819003,5513.755,8.61500115824259,16.0597420031509,1,"Kyrgyzstan__2014"
"Kyrgyzstan",2015,"Strategic",2,2,332458725.089987,332458725.089987,1,0.5,28,2.1805964,0.2899781,5600.215,8.6305602688434,19.622026278295,1,"Kyrgyzstan__2015"
"Kyrgyzstan",2016,"Strategic",1,1,86982388.6377354,86982388.6377354,0,1,28,1.1435105,0.26780704,5715.0107,8.65085144849312,18.2812162381725,1,"Kyrgyzstan__2016"
"Kyrgyzstan",2017,"Social",3,1,170528.641025333,170528.641025333,0,0.666666666666667,29,1.2685745,0.2733501,5861.2227,8.67611351268342,12.0466644082519,0,"Kyrgyzstan__2017"
"Kyrgyzstan",2017,"Strategic",3,2,224991524.29422,224991524.29422,0.333333333333333,0.666666666666667,29,1.2685745,0.2733501,5861.2227,8.67611351268342,19.2315732941003,1,"Kyrgyzstan__2017"
"Kyrgyzstan",2018,"Social",1,1,7367384.29565985,7367384.29565985,0,1,29,0.73589146,0.27690327,5951.829,8.69145384626151,15.8125734245091,0,"Kyrgyzstan__2018"
"Kyrgyzstan",2018,"Strategic",2,2,88189801.8913944,88189801.8913944,0.5,0.5,29,0.73589146,0.27690327,5951.829,8.69145384626151,18.295001900817,1,"Kyrgyzstan__2018"
"Kyrgyzstan",2020,"Social",20,10,10419043.7502403,10419043.7502403,0,1,NA,1.3309736,0.28989273,5537.796,8.6193518666494,16.1591459154461,0,"Kyrgyzstan__2020"
"Kyrgyzstan",2021,"Social",12,7,42233356.9596848,42233356.9596848,0,1,NA,0.71577924,0.2879339,5736.479,8.65460088646374,17.5587209397253,0,"Kyrgyzstan__2021"
"Laos",2013,"Social",10,5,146393934.000735,146393934.000735,0.2,0.9,26,NA,NA,5974.4736,8.69525127250023,18.8018117310427,0,"Laos__2013"
"Laos",2013,"Strategic",5,3,821483095.773085,821483095.773085,0.6,0.4,26,NA,NA,5974.4736,8.69525127250023,20.5266219191777,1,"Laos__2013"
"Laos",2014,"Social",6,4,64805657.9540926,64805657.9540926,0,0.833333333333333,25,NA,NA,6341.2124,8.754825259433,17.986903487048,0,"Laos__2014"
"Laos",2014,"Strategic",8,8,2550834112.70521,2550834112.70521,1,0.25,25,NA,NA,6341.2124,8.754825259433,21.6596862460439,1,"Laos__2014"
"Laos",2015,"Social",9,1,10970354.1600608,10970354.1600608,0,0.888888888888889,25,NA,NA,6703.741,8.81042100776407,16.2107072073026,0,"Laos__2015"
"Laos",2015,"Strategic",9,8,1517150394.39799,1517150394.39799,0.888888888888889,0.111111111111111,25,NA,NA,6703.741,8.81042100776407,21.1400996724106,1,"Laos__2015"
"Laos",2016,"Social",7,3,181130749.046507,181130749.046507,0.285714285714286,0.857142857142857,30,NA,NA,7063.2554,8.862661329027,19.0147297043897,0,"Laos__2016"
"Laos",2016,"Strategic",12,10,4402779571.5871,4402779571.5871,0.833333333333333,0.333333333333333,30,NA,NA,7063.2554,8.862661329027,22.2055018994614,1,"Laos__2016"
"Laos",2017,"Social",8,3,112741600.441078,112741600.441078,0,0.875,29,NA,NA,7432.4595,8.91361210581603,18.5406090452452,0,"Laos__2017"
"Laos",2017,"Strategic",7,6,1028457607.41773,1028457607.41773,0.857142857142857,0.428571428571429,29,NA,NA,7432.4595,8.91361210581603,20.7513260493072,1,"Laos__2017"
"Laos",2018,"Social",8,1,27246.2436969669,27246.2436969669,0,1,29,7.1383624,0.38802433,7775.086,8.95867979807951,10.2127076462404,0,"Laos__2018"
"Laos",2018,"Strategic",9,9,543691780.72974,543691780.72974,1,0.444444444444444,29,7.1383624,0.38802433,7775.086,8.95867979807951,20.1138930665517,1,"Laos__2018"
"Laos",2019,"Social",12,3,35752609.5661817,35752609.5661817,0,0.666666666666667,NA,NA,NA,8075.275,8.99656220323853,17.3921338472685,0,"Laos__2019"
"Laos",2019,"Strategic",6,1,3977418727.40797,3977418727.40797,0.166666666666667,0.666666666666667,NA,NA,NA,8075.275,8.99656220323853,22.1038988851348,1,"Laos__2019"
"Laos",2020,"Social",19,10,1784018.31622333,1784018.31622333,0,1,NA,NA,NA,7995.595,8.98664604401236,14.3943794195429,0,"Laos__2020"
"Laos",2020,"Strategic",2,2,96047982.2053162,96047982.2053162,1,1,NA,NA,NA,7995.595,8.98664604401236,18.3803584496166,1,"Laos__2020"
"Laos",2021,"Social",19,14,125775571.50493,125775571.50493,0,1,NA,NA,NA,8080.4355,8.99720104857752,18.6500097061495,0,"Laos__2021"
"Lebanon",2013,"Social",4,2,18345975.6422161,18345975.6422161,0,1,28,NA,NA,16396.496,9.70482293244747,16.7249208518696,0,"Lebanon__2013"
"Lebanon",2013,"Strategic",1,1,5391864.91548717,5391864.91548717,0,1,28,NA,NA,16396.496,9.70482293244747,15.5004020639593,1,"Lebanon__2013"
"Lebanon",2014,"Social",2,1,2156151.28389616,2156151.28389616,0,1,27,NA,NA,15205.873,9.62943701378718,14.5838358411216,0,"Lebanon__2014"
"Lebanon",2015,"Social",2,1,3571078.82814481,3571078.82814481,0,1,28,NA,NA,14980.0205,9.6144726255616,15.0883785808898,0,"Lebanon__2015"
"Lebanon",2017,"Social",2,1,17052864.1025332,17052864.1025332,0,1,28,NA,NA,16128.584,9.68834838053298,16.6518287887808,0,"Lebanon__2017"
"Lebanon",2019,"Social",3,1,34851063.2812992,34851063.2812992,0,1,NA,NA,NA,15659.566,9.65883725523994,17.3665942336227,0,"Lebanon__2019"
"Lebanon",2019,"Strategic",1,1,289879669.963632,289879669.963632,1,0,NA,NA,NA,15659.566,9.65883725523994,19.4849764671269,1,"Lebanon__2019"
"Lebanon",2020,"Social",6,3,306795.124555818,306795.124555818,0,1,NA,NA,NA,12507.437,9.43407870637186,12.6339387165696,0,"Lebanon__2020"
"Lebanon",2021,"Social",5,4,7042000,7042000,0,1,NA,NA,NA,11599.775,9.35874098035462,15.7674029207022,0,"Lebanon__2021"
"Lesotho",2014,"Strategic",1,1,13889207.8537644,13889207.8537644,0,1,49,NA,NA,2930.6172,7.982968328292,16.446622755136,1,"Lesotho__2014"
"Lesotho",2016,"Social",4,2,33723.3036814691,33723.3036814691,0,1,39,NA,NA,3057.261,8.02527469606775,10.4259740339086,0,"Lesotho__2016"
"Lesotho",2017,"Social",12,5,49592.7061679161,49592.7061679161,0,1,42,32.39991,0.44877714,2924.681,7.98094069388944,10.8116192128857,0,"Lesotho__2017"
"Lesotho",2018,"Social",9,4,70903544.4604636,70903544.4604636,0,0.888888888888889,41,NA,NA,2846.4182,7.95381671093272,18.0768309967466,0,"Lesotho__2018"
"Lesotho",2018,"Strategic",2,1,115348017.901583,115348017.901583,0.5,1,41,NA,NA,2846.4182,7.95381671093272,18.5634643677645,1,"Lesotho__2018"
"Lesotho",2020,"Social",4,2,1747301.79115889,1747301.79115889,0,0.75,NA,NA,NA,2517.1104,7.83086685591358,14.3735838947384,0,"Lesotho__2020"
"Lesotho",2020,"Strategic",1,1,77935799.514425,77935799.514425,1,1,NA,NA,NA,2517.1104,7.83086685591358,18.1713959754176,1,"Lesotho__2020"
"Lesotho",2021,"Social",3,2,4160119.99999999,4160119.99999999,0,1,NA,NA,NA,2544.7825,7.84180046364298,15.2410547183529,0,"Lesotho__2021"
"Liberia",2013,"Social",7,4,21263489.0087784,21263489.0087784,0,1,38,NA,NA,1774.5206,7.48128558092309,16.8725020758617,0,"Liberia__2013"
"Liberia",2014,"Social",6,1,22141.9046281697,22141.9046281697,0,1,37,25.930763,0.33237883,1750.1438,7.46745323497024,10.0052723913418,0,"Liberia__2014"
"Liberia",2014,"Strategic",1,1,4428380.92563395,4428380.92563395,0,1,37,25.930763,0.33237883,1750.1438,7.46745323497024,15.3035448214927,1,"Liberia__2014"
"Liberia",2015,"Social",9,2,18068636.670221,18068636.670221,0,1,37,NA,NA,1714.0905,7.44663789823057,16.7096882679289,0,"Liberia__2015"
"Liberia",2015,"Strategic",1,1,1122275.56957895,1122275.56957895,0,1,37,NA,NA,1714.0905,7.44663789823057,13.9308698316403,1,"Liberia__2015"
"Liberia",2016,"Social",5,3,5501480.59698525,5501480.59698525,0,1,37,27.617746,0.35265347,1653.3105,7.41053492047163,15.5205279951961,0,"Liberia__2016"
"Liberia",2016,"Strategic",1,1,62193740.5989936,62193740.5989936,1,1,37,27.617746,0.35265347,1653.3105,7.41053492047163,17.9457649352676,1,"Liberia__2016"
"Liberia",2017,"Social",4,1,11523.3815702097,11523.3815702097,0,0.75,31,NA,NA,1661.3029,7.41535745301181,9.35222020657345,0,"Liberia__2017"
"Liberia",2018,"Social",8,1,21796994.9575735,21796994.9575735,0,1,32,NA,NA,1647.9745,7.40730223704873,16.8972827181527,0,"Liberia__2018"
"Liberia",2019,"Social",13,3,25841.9860820291,25841.9860820291,0,1,NA,NA,NA,1575.7666,7.36249716300376,10.15979451167,0,"Liberia__2019"
"Liberia",2019,"Strategic",2,1,42819358.0315306,42819358.0315306,0.5,1,NA,NA,NA,1575.7666,7.36249716300376,17.5725008721098,1,"Liberia__2019"
"Liberia",2020,"Social",11,4,5104855.32306734,5104855.32306734,0,1,NA,NA,NA,1497.377,7.31147018972136,15.4457028648298,0,"Liberia__2020"
"Liberia",2021,"Social",7,6,6940671.77984496,6940671.77984496,0,1,NA,NA,NA,1539.2089,7.33902386211926,15.7529092701252,0,"Liberia__2021"
"Libya",2018,"Social",2,1,6539098.48727206,6539098.48727206,0,1,17,NA,NA,16380.852,9.70386837070636,15.6933100208752,0,"Libya__2018"
"Libya",2020,"Social",3,2,4199025.48502135,4199025.48502135,0,1,NA,NA,NA,9976.037,9.20794119625436,15.2503632671057,0,"Libya__2020"
"Madagascar",2013,"Social",6,1,22015170.7706592,22015170.7706592,0,1,28,NA,NA,1616.2273,7.38784988513052,16.9072423995789,0,"Madagascar__2013"
"Madagascar",2015,"Social",3,3,4235921.19549553,4235921.19549553,0,1,28,NA,NA,1633.2649,7.39833629659368,15.259111618088,0,"Madagascar__2015"
"Madagascar",2016,"Social",4,1,118080.450835846,118080.450835846,0,1,26,NA,NA,1654.671,7.41135747650872,11.6791299266478,0,"Madagascar__2016"
"Madagascar",2016,"Strategic",1,1,143700.3662537,143700.3662537,0,1,26,NA,NA,1654.671,7.41135747650872,11.8754925797025,1,"Madagascar__2016"
"Madagascar",2017,"Social",16,4,41414846.7204252,41414846.7204252,0,0.9375,24,NA,NA,1675.5592,7.42390223928968,17.5391500150894,0,"Madagascar__2017"
"Madagascar",2017,"Strategic",3,3,153688944.086495,153688944.086495,0.333333333333333,0.666666666666667,24,NA,NA,1675.5592,7.42390223928968,18.8504412806553,1,"Madagascar__2017"
"Madagascar",2018,"Social",13,4,656703.447939635,656703.447939635,0,0.846153846153846,25,NA,NA,1684.6494,7.42931274992003,13.3949893453244,0,"Madagascar__2018"
"Madagascar",2018,"Strategic",2,2,111684063.168882,111684063.168882,1,1,25,NA,NA,1684.6494,7.42931274992003,18.5311845875132,1,"Madagascar__2018"
"Madagascar",2019,"Social",6,1,865144.751441847,865144.751441847,0,1,NA,NA,NA,1713.7961,7.44646613058766,13.6706532704964,0,"Madagascar__2019"
"Madagascar",2019,"Strategic",1,1,178345816.791625,178345816.791625,1,1,NA,NA,NA,1713.7961,7.44646613058766,18.99923502005,1,"Madagascar__2019"
"Madagascar",2020,"Social",4,1,283676.598606399,283676.598606399,0,1,NA,NA,NA,1551.1256,7.34673613991073,12.5555936561227,0,"Madagascar__2020"
"Madagascar",2021,"Social",11,3,5641860.46511628,5641860.46511628,0,1,NA,NA,NA,1599.4127,7.37739177834394,15.5457246160271,0,"Madagascar__2021"
"Malawi",2013,"Social",6,3,81530519.3913423,81530519.3913423,0.166666666666667,0.833333333333333,37,NA,NA,1555.5061,7.34955623789863,18.2164879914391,0,"Malawi__2013"
"Malawi",2014,"Social",4,2,446164.99332752,446164.99332752,0,1,33,NA,NA,1597.5648,7.3762357488093,13.0084463441082,0,"Malawi__2014"
"Malawi",2014,"Strategic",3,1,13122499.8037506,13122499.8037506,0,1,33,NA,NA,1597.5648,7.3762357488093,16.3898389333584,1,"Malawi__2014"
"Malawi",2015,"Social",13,7,41524421.1626841,41524421.1626841,0,1,31,NA,NA,1597.6914,7.37631499128135,17.5417922979588,0,"Malawi__2015"
"Malawi",2015,"Strategic",2,1,2025794.3656016,2025794.3656016,0,1,31,NA,NA,1597.6914,7.37631499128135,14.5214729545442,1,"Malawi__2015"
"Malawi",2016,"Social",19,9,33271112.7040922,33271112.7040922,0.0526315789473684,1,31,65.73572,0.44694027,1593.5955,7.37374806303117,17.3202001221591,0,"Malawi__2016"
"Malawi",2017,"Social",23,6,374358.598531662,374358.598531662,0,0.91304347826087,31,NA,NA,1613.0593,7.38588784124361,12.8329721078581,0,"Malawi__2017"
"Malawi",2017,"Strategic",1,1,23046763.1404194,23046763.1404194,1,1,31,NA,NA,1613.0593,7.38588784124361,16.9530359331885,1,"Malawi__2017"
"Malawi",2018,"Social",12,5,1121529.80493625,1121529.80493625,0,1,32,NA,NA,1638.9166,7.40179069276338,13.9302051001855,0,"Malawi__2018"
"Malawi",2018,"Strategic",1,1,24717432.4074821,24717432.4074821,0,1,32,NA,NA,1638.9166,7.40179069276338,17.0230193586052,1,"Malawi__2018"
"Malawi",2019,"Social",7,1,114534.010783612,114534.010783612,0,1,NA,70.0606,0.38542363,1687.2894,7.43087861495852,11.6486358262739,0,"Malawi__2019"
"Malawi",2020,"Social",11,6,1336104.88861236,1336104.88861236,0,1,NA,NA,NA,1656.4398,7.4124258793953,14.1052698878814,0,"Malawi__2020"
"Malawi",2021,"Social",10,5,30565962.1356306,30565962.1356306,0,1,NA,NA,NA,1687.5936,7.43105888787513,17.2353976320112,0,"Malawi__2021"
"Malaysia",2013,"Social",2,1,191766213.872271,191766213.872271,1,1,50,0.03397699,0.41348827,25736.354,10.1556598238756,19.0717875572037,0,"Malaysia__2013"
"Malaysia",2015,"Social",2,1,56113778.4789476,56113778.4789476,0.5,0.5,50,0.019036654,0.410664,27699.627,10.2291742263808,17.8428919638431,0,"Malaysia__2015"
"Malaysia",2015,"Strategic",6,6,2221471252.18812,2221471252.18812,1,0,50,0.019036654,0.410664,27699.627,10.2291742263808,21.5214355399856,1,"Malaysia__2015"
"Malaysia",2016,"Social",1,1,854782780.091709,854782780.091709,1,0,49,NA,NA,28425.371,10.2550373704245,20.5663579374204,0,"Malaysia__2016"
"Malaysia",2017,"Social",3,2,164071.774026907,164071.774026907,0,0.666666666666667,47,NA,NA,29551.545,10.2938913057314,12.0080653524476,0,"Malaysia__2017"
"Malaysia",2017,"Strategic",1,1,1930384216.40676,1930384216.40676,1,0,47,NA,NA,29551.545,10.2938913057314,21.3809848964267,1,"Malaysia__2017"
"Malaysia",2018,"Social",4,3,27203537.4000792,27203537.4000792,0.25,0.75,47,0.01102865,0.41176775,30459.965,10.3241684774006,17.1188576110437,0,"Malaysia__2018"
"Malaysia",2018,"Strategic",6,6,6496242877.38136,6496242877.38136,1,0,47,0.01102865,0.41176775,30459.965,10.3241684774006,22.5944898280202,1,"Malaysia__2018"
"Malaysia",2019,"Social",3,2,207082.678495519,207082.678495519,0,0.666666666666667,NA,NA,NA,31300.508,10.3513896064285,12.2408782345026,0,"Malaysia__2019"
"Malaysia",2019,"Strategic",7,7,1396446954.23194,1396446954.23194,1,0,NA,NA,NA,31300.508,10.3513896064285,21.0571969585478,1,"Malaysia__2019"
"Malaysia",2020,"Social",74,64,7805895.63796795,7805895.63796795,0,0.972972972972973,NA,NA,NA,29200.453,10.2819395018347,15.8703899852781,0,"Malaysia__2020"
"Malaysia",2021,"Social",10,8,63258304,63258304,0,1,NA,0,0.40668428,29822.85,10.3030301571925,17.9627369813001,0,"Malaysia__2021"
"Maldives",2013,"Strategic",1,1,4403034.15413185,4403034.15413185,0,1,NA,NA,NA,17869.932,9.79087480288602,15.2978046688377,1,"Maldives__2013"
"Maldives",2014,"Social",9,2,395377.83678791,395377.83678791,0,0.888888888888889,NA,NA,NA,18633.04,9.83269162795403,12.8875996647352,0,"Maldives__2014"
"Maldives",2014,"Strategic",2,1,30545476.5218624,30545476.5218624,0,1,NA,NA,NA,18633.04,9.83269162795403,17.2347271973327,1,"Maldives__2014"
"Maldives",2015,"Social",4,2,1698265.40593577,1698265.40593577,0,0.75,NA,NA,NA,18715.32,9.83709771877637,14.345118527502,0,"Maldives__2015"
"Maldives",2015,"Strategic",1,1,419549815.518041,419549815.518041,1,0,NA,NA,NA,18715.32,9.83709771877637,19.8546928289499,1,"Maldives__2015"
"Maldives",2016,"Social",5,3,642495.088716589,642495.088716589,0,1,36,0,0.31285647,19263.525,9.86596869041252,13.3731160081323,0,"Maldives__2016"
"Maldives",2016,"Strategic",3,3,298726546.42914,298726546.42914,0.666666666666667,0.666666666666667,36,0,0.31285647,19263.525,9.86596869041252,19.5150391557993,1,"Maldives__2016"
"Maldives",2017,"Social",6,4,608607302.961323,608607302.961323,0.333333333333333,0.833333333333333,33,NA,NA,19948.44,9.90090622377186,20.2266837966061,0,"Maldives__2017"
"Maldives",2017,"Strategic",2,1,35666753.4897003,35666753.4897003,0.5,1,33,NA,NA,19948.44,9.90090622377186,17.3897295660831,1,"Maldives__2017"
"Maldives",2018,"Social",4,2,22562368.5292567,22562368.5292567,0.25,1,31,NA,NA,20998.879,9.95222433432837,16.9317940114038,0,"Maldives__2018"
"Maldives",2018,"Strategic",3,3,167196731.384801,167196731.384801,1,0.333333333333333,31,NA,NA,20998.879,9.95222433432837,18.9346817152708,1,"Maldives__2018"
"Maldives",2020,"Social",4,2,437241.686434665,437241.686434665,0,1,NA,NA,NA,14242.975,9.56401908168485,12.9882436664623,0,"Maldives__2020"
"Maldives",2021,"Social",3,3,3975875,3975875,0,1,NA,NA,NA,19052.623,9.85496006136512,15.1957556591495,0,"Maldives__2021"
"Maldives",2021,"Strategic",1,1,1302083.33333333,1302083.33333333,0,1,NA,NA,NA,19052.623,9.85496006136512,14.0794768717984,1,"Maldives__2021"
"Mali",2013,"Social",7,2,606207.743893683,606207.743893683,0,1,28,NA,NA,2126.94,7.66243960605765,13.3149796676088,0,"Mali__2013"
"Mali",2013,"Strategic",2,2,407414077.886035,407414077.886035,1,0.5,28,NA,NA,2126.94,7.66243960605765,19.8253406190539,1,"Mali__2013"
"Mali",2014,"Social",4,2,1074818.94101655,1074818.94101655,0,1,32,NA,NA,2206.7646,7.6992827399428,13.887663708786,0,"Mali__2014"
"Mali",2014,"Strategic",1,1,111097917.501226,111097917.501226,1,1,32,NA,NA,2206.7646,7.6992827399428,18.5259225190718,1,"Mali__2014"
"Mali",2015,"Social",7,2,15382472.55972,15382472.55972,0,0.857142857142857,35,NA,NA,2270.787,7.72788174642551,16.5487393387408,0,"Mali__2015"
"Mali",2016,"Strategic",1,1,7107856.06845641,7107856.06845641,1,1,32,NA,NA,2328.7483,7.75308619191016,15.7767113595087,1,"Mali__2016"
"Mali",2017,"Social",5,1,51158592.3075998,51158592.3075998,0,1,31,NA,NA,2375.3472,7.77289889525779,17.7504410383548,0,"Mali__2017"
"Mali",2017,"Strategic",5,1,62754.5398973225,62754.5398973225,0,1,31,NA,NA,2375.3472,7.77289889525779,11.0470021383134,1,"Mali__2017"
"Mali",2020,"Social",7,1,58633.9426253384,58633.9426253384,0,1,NA,NA,NA,2348.8818,7.76169466410805,10.9790860883893,0,"Mali__2020"
"Mali",2021,"Social",6,3,15434419.4470993,15434419.4470993,0,1,NA,20.849255,0.35653594,2347.6274,7.76116048011036,16.5521106672445,0,"Mali__2021"
"Marshall Islands",2013,"Strategic",6,5,184997994.559133,184997994.559133,1,0.166666666666667,NA,NA,NA,4469.8535,8.40511091302132,19.0358555481684,1,"Marshall Islands__2013"
"Marshall Islands",2014,"Strategic",3,3,311315179.072066,311315179.072066,1,0,NA,NA,NA,4491.9917,8.41005146812733,19.5563163977053,1,"Marshall Islands__2014"
"Marshall Islands",2015,"Strategic",8,4,217250103.636817,217250103.636817,1,0,NA,NA,NA,4670.1094,8.44893777651275,19.1965598037521,1,"Marshall Islands__2015"
"Marshall Islands",2016,"Strategic",4,4,886426402.011176,886426402.011176,1,0,NA,NA,NA,4896.522,8.49628043615596,20.6027086603043,1,"Marshall Islands__2016"
"Marshall Islands",2017,"Strategic",3,3,828047152.87213,828047152.87213,1,0,NA,NA,NA,5199.344,8.5562877427653,20.5345806598489,1,"Marshall Islands__2017"
"Marshall Islands",2018,"Strategic",10,9,820553047.038035,820553047.038035,1,0,NA,NA,NA,5635.3076,8.63680701238422,20.525489119711,1,"Marshall Islands__2018"
"Marshall Islands",2019,"Strategic",3,3,239208029.51522,239208029.51522,1,0,NA,0.85434437,0.35482943,6405.0757,8.76484603315248,19.2928441518653,1,"Marshall Islands__2019"
"Marshall Islands",2020,"Strategic",3,3,150286054.389258,150286054.389258,1,0,NA,NA,NA,6417.1846,8.7667347646735,18.8280510719044,1,"Marshall Islands__2020"
"Marshall Islands",2021,"Strategic",2,2,169428571,169428571,1,0,NA,NA,NA,6705.8755,8.81073936139007,18.9479419918393,1,"Marshall Islands__2021"
"Mauritania",2013,"Social",2,1,18345975.642216,18345975.642216,0,1,30,NA,NA,5769.7285,8.66038030466891,16.7249208518696,0,"Mauritania__2013"
"Mauritania",2013,"Strategic",2,2,209210784.530281,209210784.530281,1,0.5,30,NA,NA,5769.7285,8.66038030466891,19.1588528448982,1,"Mauritania__2013"
"Mauritania",2014,"Social",4,2,49977983.1651699,49977983.1651699,0,1,30,6.490837,0.3261935,5837.852,8.67211819994506,17.727093149728,0,"Mauritania__2014"
"Mauritania",2015,"Social",8,4,54058991.3004561,54058991.3004561,0.125,1,31,NA,NA,5969.5425,8.69442557028435,17.8055864582477,0,"Mauritania__2015"
"Mauritania",2016,"Social",5,2,584621.161630539,584621.161630539,0,1,27,NA,NA,5866.2812,8.67697618565404,13.2787210399906,0,"Mauritania__2016"
"Mauritania",2016,"Strategic",2,1,3014563.20892194,3014563.20892194,0,1,27,NA,NA,5866.2812,8.67697618565404,14.9189658367086,1,"Mauritania__2016"
"Mauritania",2017,"Social",6,3,55363501.7787434,55363501.7787434,0,1,28,NA,NA,6050.6216,8.70791628954876,17.8294311400095,0,"Mauritania__2017"
"Mauritania",2018,"Social",12,1,322974.450124432,322974.450124432,0,0.916666666666667,27,NA,NA,6153.6377,8.72479868187075,12.6853315935095,0,"Mauritania__2018"
"Mauritania",2018,"Strategic",1,1,49434864.8149642,49434864.8149642,0,1,27,NA,NA,6153.6377,8.72479868187075,17.7161665189366,1,"Mauritania__2018"
"Mauritania",2019,"Social",10,2,24031712.9128532,24031712.9128532,0,0.8,NA,5.354673,0.31996742,6162.2104,8.72619082333189,16.9948849290499,0,"Mauritania__2019"
"Mauritania",2020,"Social",12,2,298660.530565229,298660.530565229,0,1,NA,NA,NA,5963.2354,8.69336846511735,12.6070662063729,0,"Mauritania__2020"
"Mauritania",2021,"Social",10,5,42677085.1370851,42677085.1370851,0,0.9,NA,NA,NA,5836.566,8.67189788917579,17.5691727097402,0,"Mauritania__2021"
"Mauritius",2013,"Social",2,2,9365620.5653513,9365620.5653513,0,1,52,NA,NA,20811.494,9.94326070921822,16.0525562627578,0,"Mauritius__2013"
"Mauritius",2014,"Social",4,2,32342269.2584425,32342269.2584425,0.25,1,54,NA,NA,21568.865,9.97900611861999,17.2918856093538,0,"Mauritius__2014"
"Mauritius",2015,"Social",2,1,8927697.07036203,8927697.07036203,0.5,1,53,NA,NA,22335.283,10.0139229044022,16.0046691447476,0,"Mauritius__2015"
"Mauritius",2016,"Social",8,3,47807439.9164377,47807439.9164377,0,0.625,54,NA,NA,23182.043,10.0511332493344,17.6826918530546,0,"Mauritius__2016"
"Mauritius",2016,"Strategic",3,2,125092.847533228,125092.847533228,0,1,54,NA,NA,23182.043,10.0511332493344,11.7368195148557,1,"Mauritius__2016"
"Mauritius",2017,"Social",7,1,33335.7282987943,33335.7282987943,0,0.428571428571429,50,0.12531371,0.36761206,24073.232,10.0888557967942,10.4144150200797,0,"Mauritius__2017"
"Mauritius",2017,"Strategic",1,1,4166966.03734929,4166966.03734929,0,1,50,0.12531371,0.36761206,24073.232,10.0888557967942,15.24269899997,1,"Mauritius__2017"
"Mauritius",2018,"Social",15,9,80855444.0398886,80855444.0398886,0.0666666666666667,0.8,51,NA,NA,25024.135,10.1275960381515,18.2081734891518,0,"Mauritius__2018"
"Mauritius",2018,"Strategic",4,4,8965.41697486793,8965.41697486793,0,1,51,NA,NA,25024.135,10.1275960381515,9.10124142986509,1,"Mauritius__2018"
"Mauritius",2019,"Social",13,8,216713.257303165,216713.257303165,0,0.846153846153846,NA,NA,NA,25739.355,10.1557764225611,12.2863349781759,0,"Mauritius__2019"
"Mauritius",2019,"Strategic",1,1,16362001.540516,16362001.540516,0,1,NA,NA,NA,25739.355,10.1557764225611,16.6104722863251,1,"Mauritius__2019"
"Mauritius",2021,"Social",2,1,1800000,1800000,0,1,NA,NA,NA,22737.572,10.0317739893964,14.4032977784218,0,"Mauritius__2021"
"Mexico",2015,"Strategic",4,4,289412423.88302,289412423.88302,1,0.25,31,NA,NA,21665.557,9.9834790435135,19.4833633044917,1,"Mexico__2015"
"Mexico",2017,"Social",7,1,43327914.7039886,43327914.7039886,0.142857142857143,0.857142857142857,29,NA,NA,22038.57,10.0005493791293,17.5843076897202,0,"Mexico__2017"
"Mexico",2017,"Strategic",1,1,11235297.0309544,11235297.0309544,1,1,29,NA,NA,22038.57,10.0005493791293,16.2345709902595,1,"Mexico__2017"
"Mexico",2018,"Strategic",3,3,121627231.86326,121627231.86326,1,0.666666666666667,28,1.8759747,0.4595491,22261.46,10.0106122111783,18.6164714568899,1,"Mexico__2018"
"Mexico",2019,"Strategic",3,3,687172116.859523,687172116.859523,1,0.333333333333333,NA,NA,NA,21964.354,9.99717614555171,20.3480953542657,1,"Mexico__2019"
"Mexico",2020,"Social",14,11,594660.97927739,594660.97927739,0,1,NA,2.1319396,0.44594344,19964.967,9.90173436660339,13.2957484210418,0,"Mexico__2020"
"Mexico",2020,"Strategic",4,3,72578316.4480592,72578316.4480592,1,0.75,NA,2.1319396,0.44594344,19964.967,9.90173436660339,18.1001767774477,1,"Mexico__2020"
"Mexico",2021,"Strategic",3,3,373214285.72,373214285.72,1,0,NA,NA,NA,21031.709,9.95378653025466,19.7376633078768,1,"Mexico__2021"
"Micronesia",2013,"Strategic",1,1,11062623.3122562,11062623.3122562,0,1,NA,16.028437,0.4005239,3727.426,8.22347319399381,16.2190828055013,1,"Micronesia__2013"
"Micronesia",2014,"Social",2,1,221419.046281697,221419.046281697,0,1,NA,NA,NA,3632.2415,8.19760522980142,12.3078168384356,0,"Micronesia__2014"
"Micronesia",2015,"Social",4,1,145895.824045263,145895.824045263,0,1,NA,NA,NA,3788.934,8.23983999202287,11.8906549662497,0,"Micronesia__2015"
"Micronesia",2015,"Strategic",2,2,4473097.62934591,4473097.62934591,0,1,NA,NA,NA,3788.934,8.23983999202287,15.3135919321039,1,"Micronesia__2015"
"Micronesia",2016,"Social",6,1,328080.545968542,328080.545968542,0,1,NA,NA,NA,3794.7454,8.24137259930517,12.7010174722243,0,"Micronesia__2016"
"Micronesia",2016,"Strategic",2,1,13504926.5300671,13504926.5300671,0,1,NA,NA,NA,3794.7454,8.24137259930517,16.4185651790387,1,"Micronesia__2016"
"Micronesia",2017,"Social",8,2,53353.2566700711,53353.2566700711,0,1,NA,NA,NA,3811.7896,8.24585406912702,10.8847090411772,0,"Micronesia__2017"
"Micronesia",2017,"Strategic",4,3,18032447.6114878,18032447.6114878,0,1,NA,NA,NA,3811.7896,8.24585406912702,16.707683393584,1,"Micronesia__2017"
"Micronesia",2018,"Social",1,1,217969.949575735,217969.949575735,0,1,NA,NA,NA,3796.946,8.24195233837666,12.2921170740646,0,"Micronesia__2018"
"Micronesia",2019,"Social",6,2,13482775.3471456,13482775.3471456,0,0.833333333333333,NA,NA,NA,3938.5571,8.27856971694358,16.4169236027122,0,"Micronesia__2019"
"Micronesia",2019,"Strategic",1,1,274149.765391962,274149.765391962,0,1,NA,NA,NA,3938.5571,8.27856971694358,12.5214334727012,1,"Micronesia__2019"
"Micronesia",2020,"Social",10,8,420514.818649909,420514.818649909,0,1,NA,NA,NA,3839.259,8.25303465821091,12.9492373763556,0,"Micronesia__2020"
"Micronesia",2020,"Strategic",5,3,27920925.0596848,27920925.0596848,0,1,NA,NA,NA,3839.259,8.25303465821091,17.1448870036352,1,"Micronesia__2020"
"Micronesia",2021,"Social",7,1,150000,150000,0,1,NA,NA,NA,3921.725,8.27428688701086,11.9183972397228,0,"Micronesia__2021"
"Micronesia",2021,"Strategic",1,1,25000000,25000000,0,1,NA,NA,NA,3921.725,8.27428688701086,17.0343864228325,1,"Micronesia__2021"
"Moldova",2014,"Social",2,1,844492.586192666,844492.586192666,0,0.5,35,0,0.26833853,11641.121,9.36229902249024,13.6464924204026,0,"Moldova__2014"
"Moldova",2014,"Strategic",1,1,1329626.6250693,1329626.6250693,0,1,35,0,0.26833853,11641.121,9.36229902249024,14.100409479845,1,"Moldova__2014"
"Moldova",2017,"Strategic",1,1,4991373.32281149,4991373.32281149,0,1,31,0,0.25899243,13118.822,9.48180327188166,15.4232218452009,1,"Moldova__2017"
"Moldova",2020,"Social",3,2,97230.4536141482,97230.4536141482,0,1,NA,NA,NA,13559.26,9.51482498773388,11.4848495349557,0,"Moldova__2020"
"Moldova",2021,"Social",1,1,2700000,2700000,0,1,NA,0,0.25731638,15682.07,9.66027330049727,14.8087627013449,0,"Moldova__2021"
"Mongolia",2013,"Strategic",2,1,85617974.3112084,85617974.3112084,1,1,38,NA,NA,13210.095,9.48873658901209,18.2654058110201,1,"Mongolia__2013"
"Mongolia",2014,"Social",10,8,108663938.370061,108663938.370061,0.2,0.7,39,0.32755226,0.3203779,13943.428,9.5427635651307,18.5037705525264,0,"Mongolia__2014"
"Mongolia",2014,"Strategic",1,1,83032142.3556366,83032142.3556366,1,0,39,0.32755226,0.3203779,13943.428,9.5427635651307,18.2347383601365,1,"Mongolia__2014"
"Mongolia",2015,"Social",14,12,252290124.768673,252290124.768673,0.142857142857143,0.714285714285714,39,NA,NA,13974.597,9.5449964603982,19.3460902759793,0,"Mongolia__2015"
"Mongolia",2015,"Strategic",2,2,81522471.0919797,81522471.0919797,1,0,39,NA,NA,13974.597,9.5449964603982,18.2163892713942,1,"Mongolia__2015"
"Mongolia",2016,"Social",18,13,297486105.280291,297486105.280291,0.111111111111111,0.722222222222222,38,0.7064973,0.32345733,13898.1455,9.53951069295172,19.5108780802806,0,"Mongolia__2016"
"Mongolia",2016,"Strategic",4,4,297291365.373621,297291365.373621,1,0,38,0.7064973,0.32345733,13898.1455,9.53951069295172,19.510223247431,1,"Mongolia__2016"
"Mongolia",2017,"Social",11,5,374480.895691631,374480.895691631,0,0.636363636363636,36,NA,NA,14401.537,9.57509021597931,12.8332987381584,0,"Mongolia__2017"
"Mongolia",2017,"Strategic",3,2,154912414.630679,154912414.630679,0.666666666666667,0,36,NA,NA,14401.537,9.57509021597931,18.8583704547295,1,"Mongolia__2017"
"Mongolia",2018,"Social",17,6,198594398.509829,198594398.509829,0.0588235294117647,0.764705882352941,37,0.7115856,0.3274099,15230.241,9.63103826979552,19.1067751093279,0,"Mongolia__2018"
"Mongolia",2018,"Strategic",2,2,75428260.9458852,75428260.9458852,1,0,37,0.7115856,0.3274099,15230.241,9.63103826979552,18.1386925896166,1,"Mongolia__2018"
"Mongolia",2019,"Social",14,5,57958661.2298871,57958661.2298871,0,0.857142857142857,NA,NA,NA,15790.696,9.66717618480897,17.8752405942306,0,"Mongolia__2019"
"Mongolia",2019,"Strategic",3,3,126143443.422109,126143443.422109,0.666666666666667,0,NA,NA,NA,15790.696,9.66717618480897,18.65293026517,1,"Mongolia__2019"
"Mongolia",2020,"Social",22,19,280350686.333877,280350686.333877,0.0454545454545455,0.954545454545455,NA,NA,NA,14801.342,9.60247313131709,19.4515518322302,0,"Mongolia__2020"
"Mongolia",2021,"Social",6,2,7200000,7200000,0,1,NA,NA,NA,14792.251,9.60185874155469,15.7895917228752,0,"Mongolia__2021"
"Montenegro",2013,"Strategic",1,1,52340896.0216083,52340896.0216083,1,0,44,3.0291824,0.39021727,20570.596,9.93161795646158,17.7732885932765,1,"Montenegro__2013"
"Montenegro",2014,"Strategic",1,1,1045088488.14014,1045088488.14014,1,0,42,1.6274612,0.38769355,20917.209,9.94832749627664,20.7673673973812,1,"Montenegro__2014"
"Montenegro",2015,"Social",1,1,803492.736332583,803492.736332583,0,1,44,1.3457713,0.39005032,21614.252,9.98110819090498,13.5967246686503,0,"Montenegro__2015"
"Montenegro",2016,"Strategic",1,1,4701387.92218187,4701387.92218187,0,1,45,2.4743311,0.38467047,22246.566,10.0099429386045,15.3633685383821,1,"Montenegro__2016"
"Montenegro",2017,"Social",2,1,146453.158918514,146453.158918514,0,1,46,3.3115063,0.36881563,23293.2,10.055916751465,11.8944677500672,0,"Montenegro__2017"
"Montenegro",2017,"Strategic",2,1,3410572.82050666,3410572.82050666,0,1,46,3.3115063,0.36881563,23293.2,10.055916751465,15.0423911109113,1,"Montenegro__2017"
"Montenegro",2018,"Social",3,2,681524.983895408,681524.983895408,0,1,45,2.839833,0.36809078,24481.744,10.1056829759187,13.432089656898,0,"Montenegro__2018"
"Montenegro",2018,"Strategic",2,1,44684892.8120102,44684892.8120102,0.5,1,45,2.839833,0.36809078,24481.744,10.1056829759187,17.6151460564271,1,"Montenegro__2018"
"Montenegro",2021,"Social",2,1,540000,540000,0,1,NA,1.9771242,0.34297183,24509.936,10.1068338653396,13.1993262703906,0,"Montenegro__2021"
"Morocco",2014,"Social",1,1,7098324.42471018,7098324.42471018,0,1,39,NA,NA,7951.7983,8.98115338332659,15.7753694585186,0,"Morocco__2014"
"Morocco",2014,"Strategic",1,1,331995717.994777,331995717.994777,1,0,39,NA,NA,7951.7983,8.98115338332659,19.6206326322036,1,"Morocco__2014"
"Morocco",2015,"Strategic",3,3,11121352.1087135,11121352.1087135,0,1,36,NA,NA,8198.809,9.01174417880099,16.2243775218223,1,"Morocco__2015"
"Morocco",2016,"Strategic",1,1,196722031.09252,196722031.09252,1,0,37,NA,NA,8141.9404,9.00478380896735,19.0973022856914,1,"Morocco__2016"
"Morocco",2018,"Social",3,2,57359363.5887628,57359363.5887628,0.333333333333333,1,43,NA,NA,8611.75,9.0608828288014,17.8648466765925,0,"Morocco__2018"
"Morocco",2018,"Strategic",3,3,261349746.489803,261349746.489803,0.666666666666667,0.666666666666667,43,NA,NA,8611.75,9.0608828288014,19.3813700969464,1,"Morocco__2018"
"Morocco",2020,"Social",6,4,2062070.50004254,2062070.50004254,0,1,NA,NA,NA,8054.563,8.993994042122,14.5392216180513,0,"Morocco__2020"
"Morocco",2021,"Social",3,2,9022271.71492205,9022271.71492205,0,1,NA,NA,NA,8623.266,9.06221917820935,16.0152068242615,0,"Morocco__2021"
"Mozambique",2013,"Social",3,3,108800424.956818,108800424.956818,0.333333333333333,1,30,NA,NA,1385.8325,7.23405632107588,18.5050258074227,0,"Mozambique__2013"
"Mozambique",2013,"Strategic",2,1,120349600.212937,120349600.212937,1,0.5,30,NA,NA,1385.8325,7.23405632107588,18.6059114086269,1,"Mozambique__2013"
"Mozambique",2014,"Strategic",2,2,372808441.340713,372808441.340713,1,0.5,31,64.64086,0.53956276,1449.9293,7.27927007560519,19.736575286283,1,"Mozambique__2014"
"Mozambique",2015,"Social",1,1,6376161.24765256,6376161.24765256,0,1,31,NA,NA,1512.5997,7.32158510508792,15.668076945749,0,"Mozambique__2015"
"Mozambique",2016,"Social",2,1,5785942.09095649,5785942.09095649,0,1,27,NA,NA,1537.9086,7.33817872047134,15.5709419288246,0,"Mozambique__2016"
"Mozambique",2017,"Social",7,5,91275072.9956117,91275072.9956117,0.142857142857143,0.714285714285714,25,NA,NA,1532.0073,7.33433411530224,18.3293882961944,0,"Mozambique__2017"
"Mozambique",2017,"Strategic",7,6,2099732106.26715,2099732106.26715,0.571428571428571,0.285714285714286,25,NA,NA,1532.0073,7.33433411530224,21.4650756055703,1,"Mozambique__2017"
"Mozambique",2018,"Social",2,2,15039926.5207257,15039926.5207257,0,0.5,23,NA,NA,1538.8351,7.3387809805998,16.5262190573737,0,"Mozambique__2018"
"Mozambique",2020,"Social",11,6,146929.624145983,146929.624145983,0,1,NA,NA,NA,1466.1248,7.29037800842764,11.8977158097748,0,"Mozambique__2020"
"Mozambique",2020,"Strategic",1,1,175901827.876015,175901827.876015,1,1,NA,NA,NA,1466.1248,7.29037800842764,18.9854366069023,1,"Mozambique__2020"
"Mozambique",2021,"Social",6,5,27980000,27980000,0,1,NA,NA,NA,1457.2354,7.28429635800431,17.1470005629414,0,"Mozambique__2021"
"Myanmar",2013,"Social",5,2,50761.6448485425,50761.6448485425,0,0.6,21,NA,NA,4666.9536,8.4482618037534,10.8349160254461,0,"Myanmar__2013"
"Myanmar",2013,"Strategic",5,4,237085082.356498,237085082.356498,1,0.4,21,NA,NA,4666.9536,8.4482618037534,19.283929636178,1,"Myanmar__2013"
"Myanmar",2014,"Social",10,6,44836072.2099993,44836072.2099993,0,1,21,NA,NA,5006.507,8.51849374532924,17.6185235789615,0,"Myanmar__2014"
"Myanmar",2014,"Strategic",1,1,110709523.140848,110709523.140848,1,0,21,NA,NA,5006.507,8.51849374532924,18.5224204295774,1,"Myanmar__2014"
"Myanmar",2015,"Social",5,2,47695310.9733079,47695310.9733079,0.2,0.6,22,6.2170024,0.3806851,5313.886,8.57807867332337,17.6803436695466,0,"Myanmar__2015"
"Myanmar",2015,"Strategic",2,1,5712833.35532466,5712833.35532466,0,1,22,6.2170024,0.3806851,5313.886,8.57807867332337,15.5582258429443,1,"Myanmar__2015"
"Myanmar",2016,"Social",15,7,29274396.3129501,29274396.3129501,0,0.866666666666667,28,NA,NA,5580.9897,8.62712140523934,17.1922238801465,0,"Myanmar__2016"
"Myanmar",2016,"Strategic",1,1,102440695.122638,102440695.122638,1,0,28,NA,NA,5580.9897,8.62712140523934,18.4447946146907,1,"Myanmar__2016"
"Myanmar",2017,"Social",25,11,9570790.37773177,9570790.37773177,0,0.84,30,1.9911567,0.3069687,5877.8745,8.67895049595134,16.0742264536081,0,"Myanmar__2017"
"Myanmar",2017,"Strategic",3,2,314588316.866726,314588316.866726,1,0,30,1.9911567,0.3069687,5877.8745,8.67895049595134,19.5667754146082,1,"Myanmar__2017"
"Myanmar",2018,"Social",30,9,34593844.5693229,34593844.5693229,0.0666666666666667,0.7,29,NA,NA,6201.263,8.7325082599646,17.3591863504876,0,"Myanmar__2018"
"Myanmar",2018,"Strategic",4,3,23135969.4319041,23135969.4319041,0.25,1,29,NA,NA,6201.263,8.7325082599646,16.9568991259274,1,"Myanmar__2018"
"Myanmar",2019,"Social",27,9,1457771.97194082,1457771.97194082,0,0.851851851851852,NA,NA,NA,6562.989,8.78920141840954,14.1924204674516,0,"Myanmar__2019"
"Myanmar",2019,"Strategic",1,1,13089601.2324128,13089601.2324128,1,1,NA,NA,NA,6562.989,8.78920141840954,16.3873287502901,1,"Myanmar__2019"
"Myanmar",2020,"Social",73,37,14471257.2430443,14471257.2430443,0,1,NA,NA,NA,5926.8345,8.68724553833404,16.4876750501171,0,"Myanmar__2020"
"Myanmar",2020,"Strategic",1,1,48023991.1026581,48023991.1026581,1,0,NA,NA,NA,5926.8345,8.68724553833404,17.6872112794681,1,"Myanmar__2020"
"Myanmar",2021,"Social",32,22,165769570.36169,165769570.36169,0,1,NA,NA,NA,5178.4473,8.55226054128506,18.9261092576566,0,"Myanmar__2021"
"Myanmar",2021,"Strategic",1,1,126000000,126000000,1,0,NA,NA,NA,5178.4473,8.55226054128506,18.6517924728523,1,"Myanmar__2021"
"Namibia",2013,"Social",4,3,33122.2291184889,33122.2291184889,0,1,48,NA,NA,11593.575,9.3582063443363,10.4079901012855,0,"Namibia__2013"
"Namibia",2013,"Strategic",3,2,117761887.638511,117761887.638511,0.333333333333333,0.666666666666667,48,NA,NA,11593.575,9.3582063443363,18.5841752508471,1,"Namibia__2013"
"Namibia",2014,"Social",2,1,215350.20088126,215350.20088126,0,1,49,NA,NA,11982.696,9.39121888808757,12.2800254668831,0,"Namibia__2014"
"Namibia",2014,"Strategic",1,1,154993332.397188,154993332.397188,1,0,49,NA,NA,11982.696,9.39121888808757,18.8588926636178,1,"Namibia__2014"
"Namibia",2016,"Social",6,3,16402225.8336861,16402225.8336861,0,1,52,NA,NA,11846.788,9.37981205496895,16.6129276661186,0,"Namibia__2016"
"Namibia",2017,"Social",3,1,28569.4928404992,28569.4928404992,0,1,51,NA,NA,11408.726,9.34213378018036,10.260129745356,0,"Namibia__2017"
"Namibia",2017,"Strategic",1,1,34105728.2050665,34105728.2050665,0,1,51,NA,NA,11408.726,9.34213378018036,17.3449759400201,1,"Namibia__2017"
"Namibia",2018,"Social",34,13,29166431.0521564,29166431.0521564,0.0294117647058824,0.970588235294118,53,NA,NA,11214.386,9.32495269735036,17.1885290187013,0,"Namibia__2018"
"Namibia",2018,"Strategic",1,1,73657948.5742966,73657948.5742966,0,1,53,NA,NA,11214.386,9.32495269735036,18.1149426322416,1,"Namibia__2018"
"Namibia",2019,"Social",20,1,7819.87436590678,7819.87436590678,0,1,NA,NA,NA,10813.305,9.28853259933586,8.96455163878595,0,"Namibia__2019"
"Namibia",2020,"Social",14,11,851277.885436815,851277.885436815,0,1,NA,NA,NA,9652.248,9.17494612057148,13.6544950688356,0,"Namibia__2020"
"Namibia",2021,"Social",8,5,10001488.4979702,10001488.4979702,0,1,NA,NA,NA,9709.1,9.18081886903901,16.1182445896634,0,"Namibia__2021"
"Nauru",2020,"Social",1,1,16462.1774151902,16462.1774151902,0,1,NA,NA,NA,11441.259,9.34498131132601,9.70888149419144,0,"Nauru__2020"
"Nepal",2013,"Social",3,3,49350674.4775611,49350674.4775611,0,1,31,NA,NA,3426.5579,8.13931150859215,17.7144620112387,0,"Nepal__2013"
"Nepal",2013,"Strategic",2,2,73163750.8611576,73163750.8611576,0.5,1,31,NA,NA,3426.5579,8.13931150859215,18.1082106631293,1,"Nepal__2013"
"Nepal",2014,"Social",2,1,22141.9046281697,22141.9046281697,0,1,29,NA,NA,3621.7317,8.19470756060303,10.0052723913418,0,"Nepal__2014"
"Nepal",2014,"Strategic",1,1,566609.835945886,566609.835945886,0,1,29,NA,NA,3621.7317,8.19470756060303,13.2474279907031,1,"Nepal__2014"
"Nepal",2015,"Strategic",4,1,8312710.12459122,8312710.12459122,0.25,0.75,27,NA,NA,3745.2617,8.22824677334962,15.9332963620708,1,"Nepal__2015"
"Nepal",2016,"Social",5,3,17207984.1158323,17207984.1158323,0,1,29,NA,NA,3743.7446,8.22784161945871,16.660884084973,0,"Nepal__2016"
"Nepal",2016,"Strategic",5,4,251156094.178907,251156094.178907,0.4,1,29,NA,NA,3743.7446,8.22784161945871,19.3415851969437,1,"Nepal__2016"
"Nepal",2017,"Social",5,1,1534757.76922799,1534757.76922799,0,1,31,NA,NA,4071.7043,8.31181693771536,14.2438837730561,0,"Nepal__2017"
"Nepal",2017,"Strategic",1,1,170528641.025332,170528641.025332,0,1,31,NA,NA,4071.7043,8.31181693771536,18.9544138289977,1,"Nepal__2017"
"Nepal",2018,"Social",9,1,9948017.14516142,9948017.14516142,0,0.888888888888889,31,NA,NA,4371.3857,8.38283533164753,16.1128839079047,0,"Nepal__2018"
"Nepal",2018,"Strategic",5,3,229160747.256525,229160747.256525,0.2,0.8,31,NA,NA,4371.3857,8.38283533164753,19.2499342727137,1,"Nepal__2018"
"Nepal",2019,"Social",5,1,11235.6461226213,11235.6461226213,0,1,NA,NA,NA,4607.5244,8.43544598524347,9.32693569125408,0,"Nepal__2019"
"Nepal",2019,"Strategic",3,1,71834095.3633278,71834095.3633278,0.333333333333333,0.666666666666667,NA,NA,NA,4607.5244,8.43544598524347,18.0898698010109,1,"Nepal__2019"
"Nepal",2020,"Social",14,9,2543777.42713629,2543777.42713629,0,1,NA,NA,NA,4412.542,8.39220621960985,14.7491611033976,0,"Nepal__2020"
"Nepal",2021,"Social",17,10,141086663.803101,141086663.803101,0,1,NA,NA,NA,4546.2295,8.42205348708015,18.7648849035198,0,"Nepal__2021"
"Nepal",2021,"Strategic",1,1,7800000,7800000,1,0,NA,NA,NA,4546.2295,8.42205348708015,15.8696344198649,1,"Nepal__2021"
"Niger",2013,"Social",3,2,57037638.2716497,57037638.2716497,0.333333333333333,1,34,NA,NA,1423.2617,7.26070648841922,17.8592219459707,0,"Niger__2013"
"Niger",2013,"Strategic",1,1,84852927.5846847,84852927.5846847,1,1,34,NA,NA,1423.2617,7.26070648841922,18.2564300638949,1,"Niger__2013"
"Niger",2014,"Strategic",1,1,4981928.54133819,4981928.54133819,1,0,35,53.56471,0.34276575,1462.8213,7.28812224728488,15.4213278320584,1,"Niger__2014"
"Niger",2015,"Strategic",2,2,109706640.879302,109706640.879302,0.5,0.5,34,NA,NA,1471.6614,7.2941472456546,18.5133204692586,1,"Niger__2015"
"Niger",2016,"Social",3,3,10102040.4372937,10102040.4372937,0,1,35,NA,NA,1500.0085,7.31322605374091,16.1282480838918,0,"Niger__2016"
"Niger",2017,"Social",6,1,534562.311900869,534562.311900869,0,1,33,NA,NA,1520.0016,7.32646666647135,13.1892054531357,0,"Niger__2017"
"Niger",2018,"Social",6,1,82391.4413582736,82391.4413582736,0,0.833333333333333,34,50.905937,0.37259424,1574.3384,7.36159039951629,11.3192489806011,0,"Niger__2018"
"Niger",2019,"Strategic",2,1,1168507196.75262,1168507196.75262,0.5,0.5,NA,NA,NA,1612.6373,7.38562619233192,20.8789928717467,1,"Niger__2019"
"Niger",2020,"Social",5,3,1970440.41132456,1970440.41132456,0,1,NA,NA,NA,1615.6927,7.38751906010708,14.4937681422772,0,"Niger__2020"
"Niger",2021,"Social",3,2,14400000,14400000,0,1,NA,50.613815,0.32862565,1585.5992,7.36871765903473,16.4827388339907,0,"Niger__2021"
"Nigeria",2013,"Social",5,1,14167.3269690132,14167.3269690132,0,0.6,25,NA,NA,5775.866,8.66144348085757,9.55876425718997,0,"Nigeria__2013"
"Nigeria",2013,"Strategic",3,3,1675495251.6986,1675495251.6986,0.666666666666667,0.333333333333333,25,NA,NA,5775.866,8.66144348085757,21.2393746317736,1,"Nigeria__2013"
"Nigeria",2014,"Social",3,1,269518.910487021,269518.910487021,0,1,27,NA,NA,5980.192,8.69620795345267,12.5043975459604,0,"Nigeria__2014"
"Nigeria",2015,"Social",5,2,146498.734529598,146498.734529598,0,1,26,32.25663,0.35879776,5985.094,8.69702732380023,11.894778895353,0,"Nigeria__2015"
"Nigeria",2016,"Strategic",1,1,213235.682053692,213235.682053692,0,1,28,NA,NA,5744.558,8.6560082508566,12.270158011135,1,"Nigeria__2016"
"Nigeria",2017,"Social",6,3,49250349.8172295,49250349.8172295,0.166666666666667,1,27,NA,NA,5651.7344,8.6397177504851,17.7124270487495,0,"Nigeria__2017"
"Nigeria",2017,"Strategic",2,2,1991401692.86547,1991401692.86547,1,0,27,NA,NA,5651.7344,8.6397177504851,21.4121045965082,1,"Nigeria__2017"
"Nigeria",2018,"Social",17,8,415463791.280009,415463791.280009,0.0588235294117647,0.88235294117647,27,30.863297,0.35127744,5628.7407,8.63564101938257,19.8449060259356,0,"Nigeria__2018"
"Nigeria",2018,"Strategic",4,3,253936135.478083,253936135.478083,0.75,0.25,27,30.863297,0.35127744,5628.7407,8.63564101938257,19.35259336218,1,"Nigeria__2018"
"Nigeria",2019,"Social",12,6,78589702.5820594,78589702.5820594,0.0833333333333333,0.75,NA,NA,NA,5628.1777,8.63554099200732,18.1797512511348,0,"Nigeria__2019"
"Nigeria",2019,"Strategic",6,6,1274264084.82169,1274264084.82169,1,0.333333333333333,NA,NA,NA,5628.1777,8.63554099200732,20.9656346613291,1,"Nigeria__2019"
"Nigeria",2020,"Social",18,10,2247069.62706394,2247069.62706394,0,1,NA,NA,NA,5410.6934,8.5961325336829,14.6251379823886,0,"Nigeria__2020"
"Nigeria",2020,"Strategic",4,4,2872871963.92171,2872871963.92171,1,0,NA,NA,NA,5410.6934,8.5961325336829,21.7785780510085,1,"Nigeria__2020"
"Nigeria",2021,"Social",5,2,8472280.18469398,8472280.18469398,0,1,NA,NA,NA,5491.7,8.61099314048691,15.9523103555962,0,"Nigeria__2021"
"Nigeria",2021,"Strategic",1,1,50000000,50000000,1,0,NA,NA,NA,5491.7,8.61099314048691,17.7275335833924,1,"Nigeria__2021"
"Niue",2017,"Strategic",1,1,15971406.8563106,15971406.8563106,0,1,NA,NA,NA,NA,NA,16.5863106726182,1,"Niue__2017"
"Niue",2018,"Social",1,1,21796.9949575735,21796.9949575735,0,1,NA,NA,NA,NA,NA,9.98957327012404,0,"Niue__2018"
"North Korea",2013,"Strategic",1,1,405074203.370747,405074203.370747,0,1,8,NA,NA,NA,NA,19.8195808289565,1,"North Korea__2013"
"North Korea",2014,"Strategic",3,3,423243859.042142,423243859.042142,0,1,8,NA,NA,NA,NA,19.8634590721792,1,"North Korea__2014"
"North Korea",2015,"Strategic",2,2,224607280.548375,224607280.548375,0,1,8,NA,NA,NA,NA,19.229864019816,1,"North Korea__2015"
"North Korea",2016,"Strategic",1,1,187343904.566461,187343904.566461,0,1,12,NA,NA,NA,NA,19.0484565530056,1,"North Korea__2016"
"North Korea",2017,"Strategic",1,1,214544622.750478,214544622.750478,0,1,17,NA,NA,NA,NA,19.1840283108286,1,"North Korea__2017"
"North Korea",2018,"Strategic",1,1,272455870.624938,272455870.624938,0,1,14,NA,NA,NA,NA,19.422987219963,1,"North Korea__2018"
"North Korea",2019,"Strategic",1,1,233716607.47279,233716607.47279,0,1,NA,NA,NA,NA,NA,19.2696198644755,1,"North Korea__2019"
"North Macedonia",2013,"Strategic",2,2,883725311.628312,883725311.628312,1,0,44,5.2256985,0.36238977,17940.512,9.79481667478191,20.5996568399937,1,"North Macedonia__2013"
"North Macedonia",2014,"Social",4,2,16562587.1292334,16562587.1292334,0,1,45,4.5167346,0.35201505,18641.613,9.83315161883047,16.6226569827069,0,"North Macedonia__2014"
"North Macedonia",2019,"Social",2,2,5010044.87170603,5010044.87170603,0,1,NA,2.6633506,0.33505824,21990.316,9.99835745361382,15.4269556290483,0,"North Macedonia__2019"
"North Macedonia",2019,"Strategic",1,1,201898462.687809,201898462.687809,1,0,NA,2.6633506,0.33505824,21990.316,9.99835745361382,19.1232754739813,1,"North Macedonia__2019"
"North Macedonia",2020,"Social",12,5,474071.227112561,474071.227112561,0,1,NA,NA,NA,21186.709,9.96112933009257,13.0691149669435,0,"North Macedonia__2020"
"North Macedonia",2021,"Social",7,4,5474010.75681905,5474010.75681905,0,1,NA,NA,NA,22371.496,10.0155429275275,15.515522316337,0,"North Macedonia__2021"
"Oman",2015,"Strategic",1,1,20842259.9365945,20842259.9365945,1,0,45,NA,NA,39813.79,10.5919686136734,16.8524932592045,1,"Oman__2015"
"Oman",2016,"Strategic",3,3,537266051.303102,537266051.303102,1,0,45,NA,NA,39860.99,10.5931534303876,20.1020039716875,1,"Oman__2016"
"Oman",2018,"Strategic",1,1,186037351.96289,186037351.96289,1,0,52,NA,NA,38673.605,10.5629126049782,19.0414580338965,1,"Oman__2018"
"Oman",2019,"Social",1,1,252802037.758981,252802037.758981,1,0,NA,NA,NA,38292.387,10.5530063825648,19.3481172849156,0,"Oman__2019"
"Oman",2020,"Social",1,1,78178.5901671179,78178.5901671179,0,1,NA,NA,NA,37560.6,10.5337109076355,11.2667638971628,0,"Oman__2020"
"Oman",2021,"Social",2,1,1800000,1800000,0,1,NA,NA,NA,38719.457,10.5640975175318,14.4032977784218,0,"Oman__2021"
"Pakistan",2013,"Strategic",2,2,626961324.838041,626961324.838041,1,0,28,7.362643,0.29528573,4407.147,8.39098282031019,20.2563954154158,1,"Pakistan__2013"
"Pakistan",2014,"Strategic",3,3,907546685.517836,907546685.517836,0.666666666666667,0.666666666666667,29,NA,NA,4520.235,8.41631926262523,20.6262555679787,1,"Pakistan__2014"
"Pakistan",2015,"Social",7,6,44711310.0271169,44711310.0271169,0,0.857142857142857,30,5.110188,0.31291267,4645.286,8.44360822093483,17.615737070686,0,"Pakistan__2015"
"Pakistan",2015,"Strategic",25,25,12152417543.1476,12152417543.1476,1,0.16,30,5.110188,0.31291267,4645.286,8.44360822093483,23.2207939617671,1,"Pakistan__2015"
"Pakistan",2016,"Social",5,4,50387644.0518989,50387644.0518989,0,0.8,32,NA,NA,4886.6123,8.49425456119905,17.7352565651313,0,"Pakistan__2016"
"Pakistan",2016,"Strategic",12,12,5877705864.0994,5877705864.0994,0.916666666666667,0.416666666666667,32,NA,NA,4886.6123,8.49425456119905,22.4944323637284,1,"Pakistan__2016"
"Pakistan",2017,"Social",8,4,41109339.4919769,41109339.4919769,0,0.75,32,NA,NA,5031.5605,8.52348545354834,17.5317459162248,0,"Pakistan__2017"
"Pakistan",2017,"Strategic",18,17,6922231675.65442,6922231675.65442,0.888888888888889,0.222222222222222,32,NA,NA,5031.5605,8.52348545354834,22.6580040512115,1,"Pakistan__2017"
"Pakistan",2018,"Social",25,10,47537125.7340092,47537125.7340092,0,0.88,33,4.932448,0.29589266,5255.0635,8.56694736696783,17.6770215791554,0,"Pakistan__2018"
"Pakistan",2018,"Strategic",3,2,1586821232.91135,1586821232.91135,0.666666666666667,0,33,4.932448,0.29589266,5255.0635,8.56694736696783,21.1849986281076,1,"Pakistan__2018"
"Pakistan",2019,"Social",12,3,30462981.4552793,30462981.4552793,0,1,NA,NA,NA,5295.953,8.57469822295511,17.2320228144686,0,"Pakistan__2019"
"Pakistan",2019,"Strategic",2,1,294373928.41268,294373928.41268,0.5,0.5,NA,NA,NA,5295.953,8.57469822295511,19.5003613859137,1,"Pakistan__2019"
"Pakistan",2020,"Social",31,21,23385993.7400891,23385993.7400891,0,1,NA,NA,NA,5135.0146,8.54383796559133,16.9676478857653,0,"Pakistan__2020"
"Pakistan",2020,"Strategic",5,5,1307989602.34906,1307989602.34906,0.6,0.4,NA,NA,NA,5135.0146,8.54383796559133,20.9917571414399,1,"Pakistan__2020"
"Pakistan",2021,"Social",14,9,85009205.2776925,85009205.2776925,0,1,NA,NA,NA,5367.2734,8.58807531181473,18.2582701177389,0,"Pakistan__2021"
"Pakistan",2021,"Strategic",6,6,1709655813.95349,1709655813.95349,0.833333333333333,0.166666666666667,NA,NA,NA,5367.2734,8.58807531181473,21.2595579093969,1,"Pakistan__2021"
"Panama",2013,"Strategic",1,1,66663237.713797,66663237.713797,1,0,35,2.2445593,0.51456016,28135.328,10.2447812898766,18.0151642152291,1,"Panama__2013"
"Panama",2014,"Strategic",1,1,11070952.3140848,11070952.3140848,1,1,37,2.8937745,0.5046555,28931.805,10.2726967880045,16.2198354178771,1,"Panama__2014"
"Panama",2015,"Social",1,1,56113778.4789476,56113778.4789476,1,1,39,1.5139548,0.50805664,29933.156,10.3067220413285,17.8428919638431,0,"Panama__2015"
"Panama",2018,"Social",1,1,11864367.5555914,11864367.5555914,0,1,37,1.4056449,0.49211547,32681.447,10.3945628258395,16.2890502273538,0,"Panama__2018"
"Panama",2018,"Strategic",1,1,16313505.3889381,16313505.3889381,0,1,37,1.4056449,0.49211547,32681.447,10.3945628258395,16.6075039354852,1,"Panama__2018"
"Panama",2020,"Social",36,21,1933262.62000929,1933262.62000929,0,1,NA,NA,NA,26881.799,10.1992047194809,14.4747201275825,0,"Panama__2020"
"Papua New Guinea",2013,"Social",5,3,116259827.798635,116259827.798635,0.2,1,25,NA,NA,3615.2832,8.19292547177339,18.5713381476632,0,"Papua New Guinea__2013"
"Papua New Guinea",2013,"Strategic",1,1,135364386.26278,135364386.26278,1,0,25,NA,NA,3615.2832,8.19292547177339,18.7234808651083,1,"Papua New Guinea__2013"
"Papua New Guinea",2014,"Social",7,4,39126101.2846444,39126101.2846444,0.142857142857143,1,25,NA,NA,3998.6182,8.29370413042043,17.4823003798372,0,"Papua New Guinea__2014"
"Papua New Guinea",2014,"Strategic",1,1,127572284.29719,127572284.29719,1,1,25,NA,NA,3998.6182,8.29370413042043,18.6641937054184,1,"Papua New Guinea__2014"
"Papua New Guinea",2016,"Social",3,1,826563.155850927,826563.155850927,0,1,28,NA,NA,4275.7485,8.36071445376409,13.6250328167648,0,"Papua New Guinea__2016"
"Papua New Guinea",2017,"Social",3,3,182693498.108605,182693498.108605,0.333333333333333,0.666666666666667,29,NA,NA,4322.2227,8.37152506281016,19.0233204383868,0,"Papua New Guinea__2017"
"Papua New Guinea",2017,"Strategic",4,4,454021233.866263,454021233.866263,0.75,0.75,29,NA,NA,4322.2227,8.37152506281016,19.933654527745,1,"Papua New Guinea__2017"
"Papua New Guinea",2018,"Social",5,3,3806711.46214931,3806711.46214931,0,1,28,NA,NA,4211.1455,8.34548997992787,15.1522765037886,0,"Papua New Guinea__2018"
"Papua New Guinea",2018,"Strategic",5,4,188250489.959584,188250489.959584,0.2,0.8,28,NA,NA,4211.1455,8.34548997992787,19.0532840326599,1,"Papua New Guinea__2018"
"Papua New Guinea",2019,"Social",8,2,1096551.89145698,1096551.89145698,0,0.75,NA,NA,NA,4301.6113,8.36674495242153,13.9076820822996,0,"Papua New Guinea__2019"
"Papua New Guinea",2020,"Social",18,7,900867.530213732,900867.530213732,0,1,NA,NA,NA,4077.6313,8.31327153508034,13.7111146105317,0,"Papua New Guinea__2020"
"Papua New Guinea",2021,"Social",8,3,4164325.08547009,4164325.08547009,0,1,NA,NA,NA,3976.9038,8.28825885582788,15.2420650162825,0,"Papua New Guinea__2021"
"Paraguay",2015,"Strategic",1,1,56113778.4789476,56113778.4789476,1,1,27,1.8913445,0.47605744,14427.601,9.57689838708046,17.8428919638431,1,"Paraguay__2015"
"Paraguay",2018,"Strategic",1,1,3269549.24363603,3269549.24363603,1,1,29,1.4066867,0.459551,15592.984,9.6545763484829,15.0001629932415,1,"Paraguay__2018"
"Peru",2013,"Strategic",3,3,496336082.963526,496336082.963526,1,0,38,5.3963337,0.4388273,14054.639,9.5507077982011,20.0227638438658,1,"Peru__2013"
"Peru",2014,"Social",2,1,3593585.47316028,3593585.47316028,0,1,38,4.824813,0.43138838,14247.101,9.56430872640387,15.0946612793719,0,"Peru__2014"
"Peru",2014,"Strategic",10,10,7943408285.35589,7943408285.35589,1,0,38,4.824813,0.43138838,14247.101,9.56430872640387,22.7956082753103,1,"Peru__2014"
"Peru",2015,"Strategic",2,2,170585886.576001,170585886.576001,1,0,36,4.7185483,0.43356073,14545.381,9.58502876515481,18.9547494673024,1,"Peru__2015"
"Peru",2016,"Social",4,3,14038015.7352014,14038015.7352014,0,0.75,35,4.596183,0.4363899,14920.104,9.61046484424284,16.4572796884075,0,"Peru__2016"
"Peru",2016,"Strategic",2,2,33447203.1867838,33447203.1867838,0.5,0.5,35,4.596183,0.4363899,14920.104,9.61046484424284,17.3254787591854,1,"Peru__2016"
"Peru",2017,"Social",3,3,14472148.8172194,14472148.8172194,0,1,37,4.4970593,0.43292674,15072.204,9.62060753175639,16.4877366582162,0,"Peru__2017"
"Peru",2017,"Strategic",4,4,589769592.687321,589769592.687321,1,0,37,4.4970593,0.43292674,15072.204,9.62060753175639,20.1952424994175,1,"Peru__2017"
"Peru",2019,"Strategic",4,4,1029934227.15792,1029934227.15792,1,0,NA,2.9770849,0.4152813,15466.295,9.64641841908509,20.7527607809917,1,"Peru__2019"
"Peru",2020,"Social",14,10,9614895.5438702,9614895.5438702,0,1,NA,5.8217554,0.4373994,13612.021,9.518708578376,16.0788241770792,0,"Peru__2020"
"Peru",2020,"Strategic",5,5,918040015.962439,918040015.962439,1,0,NA,5.8217554,0.4373994,13612.021,9.518708578376,20.637751539097,1,"Peru__2020"
"Peru",2021,"Social",14,11,38720333.5936083,38720333.5936083,0,1,NA,2.773094,0.4012181,15282.273,9.63444880820186,17.4718754616992,0,"Peru__2021"
"Peru",2021,"Strategic",2,2,333333333,333333333,1,0,NA,2.773094,0.4012181,15282.273,9.63444880820186,19.6246535502783,1,"Peru__2021"
"Philippines",2016,"Social",3,2,11370548.2362243,11370548.2362243,0,1,35,NA,NA,8131.825,9.00354065459538,16.2465371702966,0,"Philippines__2016"
"Philippines",2016,"Strategic",3,3,2225816498.2557,2225816498.2557,1,0,35,NA,NA,8131.825,9.00354065459538,21.5233896512067,1,"Philippines__2016"
"Philippines",2017,"Social",7,3,9217834.94547923,9217834.94547923,0,1,34,NA,NA,8584.136,9.05767112761466,16.0366508549117,0,"Philippines__2017"
"Philippines",2017,"Strategic",2,2,351463137.891397,351463137.891397,1,0,34,NA,NA,8584.136,9.05767112761466,19.6776153956972,1,"Philippines__2017"
"Philippines",2018,"Social",7,3,9362481.3004467,9362481.3004467,0,1,36,5.057057,0.37811705,9016.286,9.10678777660071,16.0522210163328,0,"Philippines__2018"
"Philippines",2018,"Strategic",10,6,394272181.260539,394272181.260539,0.3,0.3,36,5.057057,0.37811705,9016.286,9.10678777660071,19.7925520466775,1,"Philippines__2018"
"Philippines",2019,"Social",8,2,314793368.843802,314793368.843802,0.125,0.75,NA,NA,NA,9452.294,9.1540127423512,19.5674270127984,0,"Philippines__2019"
"Philippines",2019,"Strategic",3,3,285059101.344396,285059101.344396,0.666666666666667,0.333333333333333,NA,NA,NA,9452.294,9.1540127423512,19.4682070933804,1,"Philippines__2019"
"Philippines",2020,"Social",23,15,6989994.9241986,6989994.9241986,0,1,NA,NA,NA,8455.185,9.04253514163736,15.7599905311195,0,"Philippines__2020"
"Philippines",2020,"Strategic",1,1,6576881.33429121,6576881.33429121,0,1,NA,NA,NA,8455.185,9.04253514163736,15.6990713816401,1,"Philippines__2020"
"Philippines",2021,"Social",32,14,127336380.532779,127336380.532779,0,0.90625,NA,6.754131,0.37268466,8857.79,9.08905257681896,18.6623428163553,0,"Philippines__2021"
"Philippines",2021,"Strategic",1,1,16237061.0919423,16237061.0919423,1,0,NA,6.754131,0.37268466,8857.79,9.08905257681896,16.6028069706638,1,"Philippines__2021"
"Romania",2013,"Strategic",3,3,210138458.370838,210138458.370838,0.666666666666667,0.666666666666667,43,6.6171227,0.3691507,27182.37,10.2103238803717,19.1632772017563,1,"Romania__2013"
"Romania",2014,"Strategic",1,1,63629286.0776798,63629286.0776798,1,0,43,7.0226746,0.36009043,28407.402,10.254405023993,17.9685844109608,1,"Romania__2014"
"Romania",2015,"Strategic",1,1,53521175.4021142,53521175.4021142,1,1,46,5.266119,0.35913625,29442.305,10.2901878646149,17.7955879541502,1,"Romania__2015"
"Romania",2020,"Social",5,2,30243.9460246506,30243.9460246506,0,1,NA,1.4093623,0.3457019,35802.69,10.4857783092308,10.3170843759354,0,"Romania__2020"
"Russia",2013,"Strategic",12,11,43000523181.6465,43000523181.6465,1,0,28,0.008163993,0.40884423,36628.92,10.5085933713087,24.4844781196042,1,"Russia__2013"
"Russia",2014,"Strategic",4,3,1549933323.97188,1549933323.97188,1,0,27,0.021315757,0.3988122,36217.965,10.4973105454305,21.1614777508052,1,"Russia__2014"
"Russia",2015,"Strategic",9,9,3668566914.44557,3668566914.44557,1,0.222222222222222,29,0.032757774,0.37710539,35393.57,10.4742854442055,22.0230669364987,1,"Russia__2015"
"Russia",2016,"Strategic",14,13,18990410675.3336,18990410675.3336,1,0,29,0.027193299,0.368485,35361.547,10.4733802657946,23.6671999874627,1,"Russia__2016"
"Russia",2017,"Strategic",11,10,4031884140.89143,4031884140.89143,1,0,29,0.033431694,0.37239072,35932.234,10.4893900546289,22.1174996326527,1,"Russia__2017"
"Russia",2018,"Strategic",2,2,2636526123.46475,2636526123.46475,1,0.5,28,0.029192207,0.37473005,36908.367,10.5161935522927,21.6927280256529,1,"Russia__2018"
"Russia",2019,"Strategic",13,13,1017482990.23455,1017482990.23455,1,0,NA,0.030398078,0.37736863,37698.953,10.5373876011672,20.7405977589099,1,"Russia__2019"
"Russia",2020,"Social",24,12,395370.127010759,395370.127010759,0,0.875,NA,0.010298438,0.36068243,36746.375,10.51179486032,12.8875801648237,0,"Russia__2020"
"Russia",2020,"Strategic",3,3,4315052054.66589,4315052054.66589,1,0,NA,0.010298438,0.36068243,36746.375,10.51179486032,22.1853752252945,1,"Russia__2020"
"Russia",2021,"Social",6,1,3120,3120,0,0.833333333333333,NA,NA,NA,38938.496,10.5697386546569,8.04590874227078,0,"Russia__2021"
"Russia",2021,"Strategic",6,6,7541176470.58823,7541176470.58823,1,0,NA,NA,NA,38938.496,10.5697386546569,22.7436440375094,1,"Russia__2021"
"Rwanda",2013,"Social",5,2,1868479.74504724,1868479.74504724,0,1,53,53.74719,0.45111495,2030.6693,7.61612072212877,14.4406362228223,0,"Rwanda__2013"
"Rwanda",2013,"Strategic",1,1,724542.389617739,724542.389617739,0,1,53,53.74719,0.45111495,2030.6693,7.61612072212877,13.493296928001,1,"Rwanda__2013"
"Rwanda",2014,"Social",4,1,29347712.6419454,29347712.6419454,0,1,49,NA,NA,2104.416,7.65179327294503,17.1947252014407,0,"Rwanda__2014"
"Rwanda",2014,"Strategic",1,1,13285142.7769018,13285142.7769018,0,1,49,NA,NA,2104.416,7.65179327294503,16.4021569596167,1,"Rwanda__2014"
"Rwanda",2016,"Social",4,1,49593789.3510556,49593789.3510556,0,1,54,52.005394,0.43709454,2314.6592,7.74701774186042,17.7193761893225,0,"Rwanda__2016"
"Rwanda",2016,"Strategic",2,1,86715844.0351682,86715844.0351682,0.5,1,54,52.005394,0.43709454,2314.6592,7.74701774186042,18.2781471820904,1,"Rwanda__2016"
"Rwanda",2017,"Social",5,2,45485091.7339318,45485091.7339318,0.2,1,55,NA,NA,2349.5889,7.76199565566488,17.6328951980167,0,"Rwanda__2017"
"Rwanda",2018,"Social",8,2,18360380.1092715,18360380.1092715,0,1,56,NA,NA,2491.3108,7.82056427664816,16.7257057005268,0,"Rwanda__2018"
"Rwanda",2018,"Strategic",3,2,140942246.091295,140942246.091295,0.666666666666667,1,56,NA,NA,2491.3108,7.82056427664816,18.7638607693383,1,"Rwanda__2018"
"Rwanda",2019,"Strategic",1,1,49086004.6215482,49086004.6215482,0,1,NA,NA,NA,2665.1868,7.88802942795212,17.7090845342484,1,"Rwanda__2019"
"Rwanda",2020,"Social",10,9,7137671.5865804,7137671.5865804,0,1,NA,NA,NA,2518.1653,7.83128585978876,15.7808973129105,0,"Rwanda__2020"
"Rwanda",2020,"Strategic",1,1,242628792.257784,242628792.257784,1,1,NA,NA,NA,2518.1653,7.83128585978876,19.3070432335725,1,"Rwanda__2020"
"Rwanda",2021,"Social",5,3,9052890.51663058,9052890.51663058,0,1,NA,NA,NA,2731.09,7.91245607589225,16.0185947692454,0,"Rwanda__2021"
"Samoa",2013,"Social",3,1,1466447.51784678,1466447.51784678,0,1,NA,1.1502274,0.38743454,6262.3237,8.74230659330025,14.1983540613261,0,"Samoa__2013"
"Samoa",2014,"Social",7,3,11580216.1205328,11580216.1205328,0,1,NA,NA,NA,6247.905,8.74000148653837,16.2648087795476,0,"Samoa__2014"
"Samoa",2014,"Strategic",3,2,61179520.6622375,61179520.6622375,0.333333333333333,1,NA,NA,NA,6247.905,8.74000148653837,17.9293230781249,1,"Samoa__2014"
"Samoa",2015,"Social",8,2,275605.931698519,275605.931698519,0,1,NA,NA,NA,6432.36,8.76909677944179,12.5267309691062,0,"Samoa__2015"
"Samoa",2016,"Social",14,3,17787534.3760263,17787534.3760263,0,0.785714285714286,NA,NA,NA,6887.305,8.83743514090066,16.6940085101921,0,"Samoa__2016"
"Samoa",2017,"Social",11,4,16665723.0869576,16665723.0869576,0,0.818181818181818,NA,NA,NA,6919.0156,8.84202878415735,16.6288647183425,0,"Samoa__2017"
"Samoa",2017,"Strategic",3,3,14753042.6310693,14753042.6310693,0,0.666666666666667,NA,NA,NA,6919.0156,8.84202878415735,16.5069599673324,1,"Samoa__2017"
"Samoa",2018,"Social",10,2,527939.136568319,527939.136568319,0,0.9,NA,NA,NA,6805.0454,8.82541958662834,13.1767381785491,0,"Samoa__2018"
"Samoa",2019,"Social",6,1,163620.015405161,163620.015405161,0,1,NA,NA,NA,7033.521,8.85844271290453,12.0053081509228,0,"Samoa__2019"
"Samoa",2020,"Social",10,6,761162.631762379,761162.631762379,0,1,NA,NA,NA,6745.306,8.81660213455128,13.5426036357567,0,"Samoa__2020"
"Samoa",2021,"Social",4,2,277776.393700787,277776.393700787,0,1,NA,NA,NA,6214.017,8.73456282570722,12.5345753298241,0,"Samoa__2021"
"Sao Tome and Principe",2019,"Social",13,1,163586.453298507,163586.453298507,0,1,NA,NA,NA,5702.0835,8.64858691334996,12.0051030088804,0,"Sao Tome and Principe__2019"
"Sao Tome and Principe",2020,"Social",14,3,1174521.6335607,1174521.6335607,0,1,NA,NA,NA,5742.9473,8.65572782443355,13.9763723537006,0,"Sao Tome and Principe__2020"
"Sao Tome and Principe",2021,"Social",3,2,1886912.77144548,1886912.77144548,0,1,NA,NA,NA,5732.6943,8.65394090861906,14.4504531271993,0,"Sao Tome and Principe__2021"
"Senegal",2013,"Social",3,2,1643949.33189022,1643949.33189022,0,1,41,NA,NA,3385.426,8.12723502676332,14.3126126423963,0,"Senegal__2013"
"Senegal",2013,"Strategic",3,3,175633655.507298,175633655.507298,0.666666666666667,0.666666666666667,41,NA,NA,3385.426,8.12723502676332,18.9839108865589,1,"Senegal__2013"
"Senegal",2014,"Social",5,4,55499011.408443,55499011.408443,0.2,0.8,43,NA,NA,3484.0122,8.15593983968842,17.8318757841159,0,"Senegal__2014"
"Senegal",2015,"Strategic",2,2,1224226976.61573,1224226976.61573,1,0.5,44,NA,NA,3593.7947,8.18696394272918,20.9255754430734,1,"Senegal__2015"
"Senegal",2016,"Social",4,3,43720739.947319,43720739.947319,0.25,1,45,NA,NA,3710.0554,8.21880208810455,17.5933331686889,0,"Senegal__2016"
"Senegal",2016,"Strategic",1,1,83369914.7160425,83369914.7160425,1,1,45,NA,NA,3710.0554,8.21880208810455,18.2387980794236,1,"Senegal__2016"
"Senegal",2017,"Social",6,5,109414567.895237,109414567.895237,0.166666666666667,0.833333333333333,45,NA,NA,3871.4514,8.26138475447406,18.5106546099745,0,"Senegal__2017"
"Senegal",2017,"Strategic",1,1,5471354.53278153,5471354.53278153,1,0,45,NA,NA,3871.4514,8.26138475447406,15.5150369559065,1,"Senegal__2017"
"Senegal",2018,"Social",9,2,99611629.9675776,99611629.9675776,0.222222222222222,1,45,9.222566,0.38314784,3998.2864,8.29362114831253,18.4167894925199,0,"Senegal__2018"
"Senegal",2018,"Strategic",1,1,87152930.5761975,87152930.5761975,1,1,45,9.222566,0.38314784,3998.2864,8.29362114831253,18.2831749676456,1,"Senegal__2018"
"Senegal",2019,"Social",10,5,168628857.397297,168628857.397297,0.1,1,NA,NA,NA,4070.6123,8.31154870938178,18.9432107537563,0,"Senegal__2019"
"Senegal",2019,"Strategic",1,1,112356461.226213,112356461.226213,1,0,NA,NA,NA,4070.6123,8.31154870938178,18.5371870736439,1,"Senegal__2019"
"Senegal",2020,"Social",8,6,1629636.2118331,1629636.2118331,0,0.75,NA,NA,NA,4018.0413,8.2985498240677,14.3038679785831,0,"Senegal__2020"
"Senegal",2021,"Social",6,2,14400000,14400000,0,1,NA,9.926822,0.3615772,4173.6772,8.33655274875774,16.4827388339907,0,"Senegal__2021"
"Senegal",2021,"Strategic",1,1,619961775.9,619961775.9,1,0,NA,9.926822,0.3615772,4173.6772,8.33655274875774,20.2451683839417,1,"Senegal__2021"
"Serbia",2013,"Strategic",1,1,339539002.20914,339539002.20914,1,0,42,5.8431945,0.3944599,18366.686,9.81829375910392,19.6430993826328,1,"Serbia__2013"
"Serbia",2014,"Social",3,3,232892.981260015,232892.981260015,0,0,41,6.92315,0.40437588,18123.219,9.80494921282588,12.3583386129452,0,"Serbia__2014"
"Serbia",2014,"Strategic",1,1,673401745.456527,673401745.456527,1,0,41,6.92315,0.40437588,18123.219,9.80494921282588,20.3278526581784,1,"Serbia__2014"
"Serbia",2015,"Social",2,1,1795640.91132632,1795640.91132632,0,1,40,6.6467104,0.40461844,18452.238,9.82294094292533,14.4008731267438,0,"Serbia__2015"
"Serbia",2016,"Social",4,4,131835.642553714,131835.642553714,0,0,42,6.3563867,0.38775226,19100.998,9.85749586397857,11.7893188787519,0,"Serbia__2016"
"Serbia",2016,"Strategic",4,4,1044353811.95543,1044353811.95543,1,0,42,6.3563867,0.38775226,19100.998,9.85749586397857,20.7666641702911,1,"Serbia__2016"
"Serbia",2017,"Social",5,3,140381.291302766,140381.291302766,0.2,0.2,41,5.394842,0.36105734,19656.764,9.88617678198452,11.8521246322966,0,"Serbia__2017"
"Serbia",2017,"Strategic",1,1,342979807.601175,342979807.601175,1,0,41,5.394842,0.36105734,19656.764,9.88617678198452,19.6531821363455,1,"Serbia__2017"
"Serbia",2018,"Social",3,3,83641.3907807472,83641.3907807472,0,0,39,2.9232728,0.35003355,20683.371,9.93708532307499,11.3343057373132,0,"Serbia__2018"
"Serbia",2018,"Strategic",1,1,236768285.031271,236768285.031271,1,1,39,2.9232728,0.35003355,20683.371,9.93708532307499,19.2825925247723,1,"Serbia__2018"
"Serbia",2019,"Social",3,3,14764505.2734406,14764505.2734406,0,0.333333333333333,NA,2.3344426,0.34475464,21782.447,9.98885974095661,16.5077366336197,0,"Serbia__2019"
"Serbia",2019,"Strategic",2,2,1610504594.2235,1610504594.2235,1,0,NA,2.3344426,0.34475464,21782.447,9.98885974095661,21.1998133800214,1,"Serbia__2019"
"Serbia",2020,"Social",10,8,211400309.025448,211400309.025448,0.1,0.9,NA,1.557031,0.34950927,21719.705,9.98597519200352,19.1692640979341,0,"Serbia__2020"
"Serbia",2021,"Social",3,3,13776470.5882353,13776470.5882353,0,1,NA,1.2428293,0.3312897,23668.523,10.0719013008991,16.4384727376592,0,"Serbia__2021"
"Serbia",2021,"Strategic",3,3,284823529.411765,284823529.411765,1,0,NA,1.2428293,0.3312897,23668.523,10.0719013008991,19.467380354917,1,"Serbia__2021"
"Seychelles",2013,"Social",9,2,5607472.62239184,5607472.62239184,0,0.777777777777778,54,1.2360592,0.46822062,24770.652,10.1174148443009,15.5396108413782,0,"Seychelles__2013"
"Seychelles",2016,"Social",4,1,31081.3979299801,31081.3979299801,0,1,NA,NA,NA,29905.135,10.3057854837637,10.3443969549797,0,"Seychelles__2016"
"Seychelles",2017,"Social",7,4,8311938.53920117,8311938.53920117,0,0.857142857142857,60,NA,NA,31595.668,10.3607753015699,15.9332035378177,0,"Seychelles__2017"
"Seychelles",2017,"Strategic",1,1,5044430.23147052,5044430.23147052,0,1,60,NA,NA,31595.668,10.3607753015699,15.4337954663599,1,"Seychelles__2017"
"Seychelles",2020,"Social",10,4,194570.875207922,194570.875207922,0,1,NA,NA,NA,30056.2,10.3108242414771,12.1785569121222,0,"Seychelles__2020"
"Seychelles",2021,"Social",10,5,486878.918254456,486878.918254456,0,1,NA,NA,NA,29979.828,10.308280034482,13.0957727972341,0,"Seychelles__2021"
"Sierra Leone",2013,"Social",10,3,46235242.728041,46235242.728041,0,1,30,NA,NA,3279.8674,8.09555827373173,17.6492529164851,0,"Sierra Leone__2013"
"Sierra Leone",2014,"Strategic",2,1,13608326.0168546,13608326.0168546,0.5,0.5,31,NA,NA,3348.4453,8.11625142754399,16.42619244399,1,"Sierra Leone__2014"
"Sierra Leone",2016,"Social",8,1,53308920.5134231,53308920.5134231,0,1,30,NA,NA,2702.0269,7.90175747405904,17.7916142581202,0,"Sierra Leone__2016"
"Sierra Leone",2016,"Strategic",3,2,206640788.962732,206640788.962732,0.333333333333333,0.666666666666667,30,NA,NA,2702.0269,7.90175747405904,19.1464925296381,1,"Sierra Leone__2016"
"Sierra Leone",2017,"Strategic",2,2,759390845.476821,759390845.476821,1,0,30,NA,NA,2737.3628,7.91475025414731,20.4480271520639,1,"Sierra Leone__2017"
"Sierra Leone",2018,"Social",18,3,4078126.72992184,4078126.72992184,0,0.833333333333333,30,26.062035,0.35690176,2766.717,7.92541669772218,15.2211485513332,0,"Sierra Leone__2018"
"Sierra Leone",2018,"Strategic",2,1,1634774.62181801,1634774.62181801,0,1,30,26.062035,0.35690176,2766.717,7.92541669772218,14.3070161185339,1,"Sierra Leone__2018"
"Sierra Leone",2019,"Social",13,1,40905003.8512902,40905003.8512902,0,0.923076923076923,NA,NA,NA,2851.9792,7.95576848837996,17.5267629815289,0,"Sierra Leone__2019"
"Sierra Leone",2019,"Strategic",2,1,1123564.61226213,1123564.61226213,0,0.5,NA,NA,NA,2851.9792,7.95576848837996,13.9320177687796,1,"Sierra Leone__2019"
"Sierra Leone",2020,"Social",4,2,5975.07796277257,5975.07796277257,0,1,NA,NA,NA,2751.9666,7.92007106235168,8.6955197727069,0,"Sierra Leone__2020"
"Sierra Leone",2021,"Social",5,5,48060458.6802099,48060458.6802099,0,1,NA,NA,NA,2848.706,7.95462013506984,17.687970352942,0,"Sierra Leone__2021"
"Sierra Leone",2021,"Strategic",1,1,2000000000,2000000000,1,0,NA,NA,NA,2848.706,7.95462013506984,21.4164130180064,1,"Sierra Leone__2021"
"Solomon Islands",2020,"Social",16,9,59939372.6737383,59939372.6737383,0,0.8125,NA,NA,NA,2515.1284,7.83007913490858,17.908844170578,0,"Solomon Islands__2020"
"Solomon Islands",2021,"Social",11,5,24851877.3466833,24851877.3466833,0,1,NA,NA,NA,2518.4216,7.83138763506051,17.028443895042,0,"Solomon Islands__2021"
"Somalia",2015,"Social",6,1,2244551.1391579,2244551.1391579,0,1,8,NA,NA,1343.443,7.20299100065756,14.6240165666772,0,"Somalia__2015"
"Somalia",2017,"Social",5,1,42060.3427312655,42060.3427312655,0,1,9,NA,NA,1527.1122,7.33113377992598,10.6468843729332,0,"Somalia__2017"
"Somalia",2020,"Social",1,1,1444980.46624385,1444980.46624385,0,1,NA,NA,NA,1396.0535,7.24140460637022,14.1836070533176,0,"Somalia__2020"
"Somalia",2021,"Social",2,2,12600000,12600000,0,1,NA,NA,NA,1392.4642,7.23883026231476,16.3492074512868,0,"Somalia__2021"
"South Africa",2013,"Strategic",4,3,652117930.820943,652117930.820943,0.75,0.5,42,NA,NA,14699.066,9.59553923333327,20.2957359805606,1,"South Africa__2013"
"South Africa",2015,"Social",6,1,26370.2807590445,26370.2807590445,0,0.333333333333333,44,NA,NA,14559.475,9.58599726340828,10.1800308469599,0,"South Africa__2015"
"South Africa",2015,"Strategic",5,3,1947116161.95886,1947116161.95886,0.8,0.2,44,NA,NA,14559.475,9.58599726340828,21.3896152240934,1,"South Africa__2015"
"South Africa",2016,"Strategic",10,10,1310693004.2779,1310693004.2779,1,0.1,45,NA,NA,14519.031,9.58321555061468,20.9938218459446,1,"South Africa__2016"
"South Africa",2017,"Social",8,1,86548.8971501853,86548.8971501853,0,0.875,43,NA,NA,14591.437,9.58819012878469,11.3684763722753,0,"South Africa__2017"
"South Africa",2017,"Strategic",16,15,3794361466.53081,3794361466.53081,0.9375,0.125,43,NA,NA,14591.437,9.58819012878469,22.0567819773872,1,"South Africa__2017"
"South Africa",2018,"Social",28,16,322615955.558487,322615955.558487,0.428571428571429,0.464285714285714,43,NA,NA,14571.376,9.58681433536145,19.5919731847957,0,"South Africa__2018"
"South Africa",2018,"Strategic",20,18,3158275584.37761,3158275584.37761,0.9,0.2,43,NA,NA,14571.376,9.58681433536145,21.8732920147665,1,"South Africa__2018"
"South Africa",2019,"Social",17,6,266417.260273195,266417.260273195,0,0.88235294117647,NA,NA,NA,14370.238,9.57291454121845,12.4928227598683,0,"South Africa__2019"
"South Africa",2019,"Strategic",11,10,707743563.58981,707743563.58981,0.909090909090909,0.0909090909090909,NA,NA,NA,14370.238,9.57291454121845,20.3775923891418,1,"South Africa__2019"
"South Africa",2020,"Social",39,32,2341759.41883801,2341759.41883801,0,1,NA,NA,NA,13266.786,9.49301889753884,14.666413520229,0,"South Africa__2020"
"South Africa",2021,"Social",4,3,5503320.92584574,5503320.92584574,0,1,NA,NA,NA,13711.294,9.52597515176406,15.5208624543937,0,"South Africa__2021"
"South Sudan",2013,"Strategic",4,3,244219913.549099,244219913.549099,0.5,0.5,14,NA,NA,NA,NA,19.313579666476,1,"South Sudan__2013"
"South Sudan",2014,"Social",10,2,138297.423347715,138297.423347715,0,1,15,NA,NA,NA,NA,11.8371691173544,0,"South Sudan__2014"
"South Sudan",2015,"Social",12,2,37371776.4669791,37371776.4669791,0,1,15,NA,NA,NA,NA,17.4364263643385,0,"South Sudan__2015"
"South Sudan",2016,"Social",6,5,12342285.7396342,12342285.7396342,0,1,11,67.32727,0.44057786,NA,NA,16.328541870427,0,"South Sudan__2016"
"South Sudan",2017,"Social",11,2,2004981.36214763,2004981.36214763,0,1,12,NA,NA,NA,NA,14.5111458217503,0,"South Sudan__2017"
"South Sudan",2018,"Social",13,4,278565595.557789,278565595.557789,0.0769230769230769,0.846153846153846,13,NA,NA,NA,NA,19.445164124814,0,"South Sudan__2018"
"South Sudan",2019,"Social",15,2,28097296.3073237,28097296.3073237,0,1,NA,NA,NA,NA,NA,17.1511839484442,0,"South Sudan__2019"
"South Sudan",2019,"Strategic",2,2,876629233.769162,876629233.769162,0.5,0.5,NA,NA,NA,NA,NA,20.5915946955744,1,"South Sudan__2019"
"South Sudan",2020,"Social",16,8,24991080.8950254,24991080.8950254,0,1,NA,NA,NA,NA,NA,17.0340295949923,0,"South Sudan__2020"
"South Sudan",2021,"Social",3,1,1800000,1800000,0,1,NA,NA,NA,NA,NA,14.4032977784218,0,"South Sudan__2021"
"Sri Lanka",2013,"Social",5,2,89522692.0793309,89522692.0793309,0.2,1,37,NA,NA,12249.723,9.41325860347231,18.3100027050647,0,"Sri Lanka__2013"
"Sri Lanka",2013,"Strategic",4,4,555682297.946399,555682297.946399,1,0.5,37,NA,NA,12249.723,9.41325860347231,20.1357072841283,1,"Sri Lanka__2013"
"Sri Lanka",2014,"Social",3,2,87881387.0694533,87881387.0694533,0,0.666666666666667,38,NA,NA,12909.966,9.46575485021987,18.2914986004112,0,"Sri Lanka__2014"
"Sri Lanka",2014,"Strategic",6,6,2233459329.84241,2233459329.84241,1,0.666666666666667,38,NA,NA,12909.966,9.46575485021987,21.526817489879,1,"Sri Lanka__2014"
"Sri Lanka",2015,"Social",3,2,2285737.91792283,2285737.91792283,0,1,37,NA,NA,13329.779,9.49775583389053,14.6421999076819,0,"Sri Lanka__2015"
"Sri Lanka",2015,"Strategic",1,1,3960326.42041259,3960326.42041259,0,1,37,NA,NA,13329.779,9.49775583389053,15.1918372617351,1,"Sri Lanka__2015"
"Sri Lanka",2016,"Social",11,8,425654224.98133,425654224.98133,0.0909090909090909,1,36,1.2953176,0.39345774,13845.614,9.53572378276183,19.8691378985461,0,"Sri Lanka__2016"
"Sri Lanka",2016,"Strategic",1,1,329864582.172063,329864582.172063,1,0,36,1.2953176,0.39345774,13845.614,9.53572378276183,19.6141927741825,1,"Sri Lanka__2016"
"Sri Lanka",2017,"Social",9,9,979833329.125565,979833329.125565,0.555555555555556,0.888888888888889,38,NA,NA,14578.602,9.58731011619175,20.7028930438647,0,"Sri Lanka__2017"
"Sri Lanka",2017,"Strategic",2,2,1026027242.2735,1026027242.2735,1,0.5,38,NA,NA,14578.602,9.58731011619175,20.7489601362406,1,"Sri Lanka__2017"
"Sri Lanka",2018,"Social",8,2,92669997.5413785,92669997.5413785,0,0.875,38,NA,NA,14759.825,9.59966424171561,18.3445553378229,0,"Sri Lanka__2018"
"Sri Lanka",2018,"Strategic",3,3,659783049.018524,659783049.018524,1,0,38,NA,NA,14759.825,9.59966424171561,20.3074216268539,1,"Sri Lanka__2018"
"Sri Lanka",2019,"Social",9,5,26203638.5849827,26203638.5849827,0,1,NA,0.95861256,0.37663776,14637.444,9.59133818210873,17.0814088745408,0,"Sri Lanka__2019"
"Sri Lanka",2019,"Strategic",4,4,1355358025.4563,1355358025.4563,0.75,0.5,NA,0.95861256,0.37663776,14637.444,9.59133818210873,21.0273314825435,1,"Sri Lanka__2019"
"Sri Lanka",2020,"Social",46,37,5688326.65924634,5688326.65924634,0,1,NA,NA,NA,13886.651,9.53868329796571,15.5539268541588,0,"Sri Lanka__2020"
"Sri Lanka",2021,"Social",16,11,110996285.21829,110996285.21829,0,1,NA,NA,NA,14316.135,9.56914250184984,18.525007301224,0,"Sri Lanka__2021"
"Sudan",2014,"Strategic",3,2,44919818.4145035,44919818.4145035,0.333333333333333,1,11,15.26306,0.3424273,4207.5005,8.34462404490037,17.6203896676685,1,"Sudan__2014"
"Sudan",2015,"Social",5,1,3030144.03786317,3030144.03786317,0,1,12,NA,NA,4159.1943,8.33307665661271,14.9241210436215,0,"Sudan__2015"
"Sudan",2016,"Social",9,1,3609013.91875874,3609013.91875874,0,0.777777777777778,14,NA,NA,4174.561,8.33676448205574,15.0989454173816,0,"Sudan__2016"
"Sudan",2018,"Social",8,2,31065166.5783689,31065166.5783689,0.125,1,16,NA,NA,3816.66,8.24713097358786,17.2515977359083,0,"Sudan__2018"
"Sudan",2019,"Social",13,2,29801225.8965137,29801225.8965137,0,0.692307692307692,NA,NA,NA,3625.5232,8.19575388790854,17.2100601216521,0,"Sudan__2019"
"Sudan",2020,"Social",6,1,312714.360668471,312714.360668471,0,1,NA,NA,NA,3401.2498,8.13189823129554,12.65304866494,0,"Sudan__2020"
"Sudan",2021,"Social",4,1,4500000,4500000,0,0.75,NA,NA,NA,3248.9756,8.08609502563782,15.3195881769627,0,"Sudan__2021"
"Suriname",2013,"Social",3,1,1917662.13872271,1917662.13872271,0,1,36,NA,NA,24624.021,10.1114777089048,14.4666178874691,0,"Suriname__2013"
"Suriname",2014,"Social",3,2,1279896.82023426,1279896.82023426,0,0.333333333333333,36,NA,NA,24414.355,10.1029265579613,14.0622908047674,0,"Suriname__2014"
"Suriname",2015,"Social",2,1,30532723.9806381,30532723.9806381,0,1,36,NA,NA,23327.525,10.0573892728041,17.2343096165629,0,"Suriname__2015"
"Suriname",2015,"Strategic",1,1,73281227.8667968,73281227.8667968,1,0,36,NA,NA,23327.525,10.0573892728041,18.10981504766,1,"Suriname__2015"
"Suriname",2016,"Social",8,2,21403262.5185056,21403262.5185056,0.125,0.875,45,NA,NA,21950.412,9.99654118825883,16.8790539692298,0,"Suriname__2016"
"Suriname",2016,"Strategic",2,2,284334183.199193,284334183.199193,1,0.5,45,NA,NA,21950.412,9.99654118825883,19.4656608092776,1,"Suriname__2016"
"Suriname",2018,"Social",4,2,45554454.396651,45554454.396651,0.25,1,43,NA,NA,22938.535,10.0405735263947,17.6344189902052,0,"Suriname__2018"
"Suriname",2019,"Social",9,2,22471292.2452427,22471292.2452427,0,1,NA,NA,NA,22966.74,10.0418023613619,16.9277491968107,0,"Suriname__2019"
"Suriname",2019,"Strategic",1,1,229068021.567225,229068021.567225,1,1,NA,NA,NA,22966.74,10.0418023613619,19.2495295591886,1,"Suriname__2019"
"Suriname",2021,"Social",7,1,1800000,1800000,0,0.857142857142857,NA,NA,NA,18458.234,9.823265837175,14.4032977784218,0,"Suriname__2021"
"Syria",2018,"Social",5,1,32695.4924363603,32695.4924363603,0,1,13,NA,NA,4956.093,8.50837300770614,10.3950230861889,0,"Syria__2018"
"Syria",2018,"Strategic",1,1,13078196.9745441,13078196.9745441,0,1,13,NA,NA,4956.093,8.50837300770614,16.386457124972,1,"Syria__2018"
"Syria",2020,"Social",3,1,21907.5172509904,21907.5172509904,0,1,NA,NA,NA,4633.3496,8.44103534123588,9.99463075576687,0,"Syria__2020"
"Syria",2021,"Social",2,1,2700000,2700000,0,1,NA,NA,NA,4592.8384,8.43225349973121,14.8087627013449,0,"Syria__2021"
"Tajikistan",2013,"Social",4,4,40634052.0928999,40634052.0928999,0.5,0.75,22,NA,NA,2828.3855,7.94746133314362,17.5201170191515,0,"Tajikistan__2013"
"Tajikistan",2013,"Strategic",4,4,209549172.383816,209549172.383816,0.5,0.5,22,NA,NA,2828.3855,7.94746133314362,19.1604689876071,1,"Tajikistan__2013"
"Tajikistan",2014,"Strategic",8,8,1008946960.20712,1008946960.20712,1,0.375,23,NA,NA,2943.0886,7.98721485311501,20.7321730112347,1,"Tajikistan__2014"
"Tajikistan",2016,"Strategic",5,5,460860158.128635,460860158.128635,0.8,0.2,25,NA,NA,3169.9668,8.06147639363036,19.9486052124891,1,"Tajikistan__2016"
"Tajikistan",2017,"Social",7,2,257406234.957828,257406234.957828,0,1,21,NA,NA,3312.712,8.10552246824657,19.3661660795532,0,"Tajikistan__2017"
"Tajikistan",2017,"Strategic",3,3,127684273.732702,127684273.732702,1,0.333333333333333,21,NA,NA,3312.712,8.10552246824657,18.6650711711547,1,"Tajikistan__2017"
"Tajikistan",2018,"Social",16,1,148304594.444892,148304594.444892,0,1,25,NA,NA,3479.6924,8.15469917805722,18.8147787941189,0,"Tajikistan__2018"
"Tajikistan",2018,"Strategic",3,3,109311929.712231,109311929.712231,1,0,25,NA,NA,3479.6924,8.15469917805722,18.5097161028369,1,"Tajikistan__2018"
"Tajikistan",2019,"Strategic",5,5,318554238.381109,318554238.381109,0.6,0.4,NA,NA,NA,3649.8838,8.20245061045333,19.5793033148077,1,"Tajikistan__2019"
"Tajikistan",2020,"Social",9,6,37788922.7533144,37788922.7533144,0,1,NA,NA,NA,3724.749,8.22275474599302,17.4475265952513,0,"Tajikistan__2020"
"Tajikistan",2020,"Strategic",2,2,616494025.317844,616494025.317844,1,0,NA,NA,NA,3724.749,8.22275474599302,20.2395591908508,1,"Tajikistan__2020"
"Tajikistan",2021,"Social",6,6,62940310.0775194,62940310.0775194,0,1,NA,NA,NA,3985.9126,8.29052157378874,17.9576973920338,0,"Tajikistan__2021"
"Tajikistan",2021,"Strategic",2,2,144031007.751937,144031007.751937,0.5,0.5,NA,NA,NA,3985.9126,8.29052157378874,18.7855391729134,1,"Tajikistan__2021"
"Tanzania",2013,"Social",14,6,27230215.3877765,27230215.3877765,0,0.857142857142857,33,NA,NA,2924.8633,7.9810030235311,17.1198378112866,0,"Tanzania__2013"
"Tanzania",2014,"Social",8,1,3321.28569422546,3321.28569422546,0,1,31,NA,NA,3027.569,8.01551526624928,8.10840828714531,0,"Tanzania__2014"
"Tanzania",2014,"Strategic",2,2,332460697.991969,332460697.991969,0.5,1,31,NA,NA,3027.569,8.01551526624928,19.6220322125538,1,"Tanzania__2014"
"Tanzania",2015,"Social",9,6,94439205.1053755,94439205.1053755,0.111111111111111,0.888888888888889,30,NA,NA,3111.4446,8.04284239893352,18.3634668638076,0,"Tanzania__2015"
"Tanzania",2015,"Strategic",2,1,49706216.8177974,49706216.8177974,0.5,1,30,NA,NA,3111.4446,8.04284239893352,17.7216405902396,1,"Tanzania__2015"
"Tanzania",2016,"Social",8,4,5239874.51073515,5239874.51073515,0.125,0.75,32,NA,NA,3214.2468,8.07534833239725,15.4718082985217,0,"Tanzania__2016"
"Tanzania",2017,"Social",9,2,16488032.3702555,16488032.3702555,0,1,36,NA,NA,3319.3767,8.10753230332114,16.618145425462,0,"Tanzania__2017"
"Tanzania",2018,"Social",17,3,57024807.0971101,57024807.0971101,0,1,36,44.94932,0.4049123,3392.6887,8.12937801285926,17.8589969608877,0,"Tanzania__2018"
"Tanzania",2018,"Strategic",3,3,66590959.7911491,66590959.7911491,0,0.333333333333333,36,44.94932,0.4049123,3392.6887,8.12937801285926,18.0140794024427,1,"Tanzania__2018"
"Tanzania",2019,"Social",9,2,163628.680557946,163628.680557946,0,0.888888888888889,NA,NA,NA,3484.6326,8.15611789439474,12.0053611081992,0,"Tanzania__2019"
"Tanzania",2019,"Strategic",2,1,47189713.7150098,47189713.7150098,0.5,1,NA,NA,NA,3484.6326,8.15611789439474,17.66968651823,1,"Tanzania__2019"
"Tanzania",2020,"Social",15,12,880530.941279744,880530.941279744,0,1,NA,NA,NA,3449.8215,8.14607776955646,13.6882814825577,0,"Tanzania__2020"
"Tanzania",2020,"Strategic",1,1,55841850.1193699,55841850.1193699,1,1,NA,NA,NA,3449.8215,8.14607776955646,17.8380341662874,1,"Tanzania__2020"
"Tanzania",2021,"Social",15,9,136705834.870834,136705834.870834,0,1,NA,NA,NA,3493.083,8.15854000633386,18.7333419918644,0,"Tanzania__2021"
"Tanzania",2021,"Strategic",1,1,20000000,20000000,1,1,NA,NA,NA,3493.083,8.15854000633386,16.8112428815183,1,"Tanzania__2021"
"Thailand",2013,"Social",1,1,425908423.041383,425908423.041383,1,0,35,0.060821895,0.37847108,18241.777,9.8114696821286,19.8697349140859,0,"Thailand__2013"
"Thailand",2013,"Strategic",2,1,20733311.8292491,20733311.8292491,1,0,35,0.060821895,0.37847108,18241.777,9.8114696821286,16.8472522800978,1,"Thailand__2013"
"Thailand",2014,"Strategic",1,1,13703758.2502375,13703758.2502375,1,1,38,0.090258256,0.37032664,18323.963,9.81596493579482,16.4331807509857,1,"Thailand__2014"
"Thailand",2016,"Social",3,1,25097.4234280301,25097.4234280301,0,0.666666666666667,35,0.0361475,0.3689063,19369.92,9.87147662629442,10.1305603115149,0,"Thailand__2016"
"Thailand",2017,"Social",2,2,19439.5710377958,19439.5710377958,0,1,37,0.03712679,0.36382803,20093.963,9.90817470067489,9.87511745195522,0,"Thailand__2017"
"Thailand",2018,"Strategic",1,1,106362390.870365,106362390.870365,1,0,36,0.032133956,0.36412174,20879.16,9.94650681130227,18.4823626125252,1,"Thailand__2018"
"Thailand",2019,"Social",1,1,16362001.540516,16362001.540516,0,0,NA,0.0950376,0.34855723,21277.082,9.96538580999307,16.6104722863251,0,"Thailand__2019"
"Thailand",2020,"Social",15,7,3880051.876081,3880051.876081,0,1,NA,0.046665337,0.34985816,19956.547,9.90131253890794,15.1713593393625,0,"Thailand__2020"
"Thailand",2020,"Strategic",1,1,139604625.298424,139604625.298424,1,1,NA,0.046665337,0.34985816,19956.547,9.90131253890794,18.754324887417,1,"Thailand__2020"
"Thailand",2021,"Social",9,5,48784900,48784900,0,0.888888888888889,NA,0.013972186,0.34923872,20245.242,9.9156750819636,17.7029314172098,0,"Thailand__2021"
"Timor-Leste",2013,"Social",2,1,2583437.82850112,2583437.82850112,0,1,NA,NA,NA,NA,NA,14.7646319486668,0,"Timor-Leste__2013"
"Timor-Leste",2014,"Social",4,1,1239946.6591775,1239946.6591775,0,1,NA,NA,NA,NA,NA,14.0305797263496,0,"Timor-Leste__2014"
"Timor-Leste",2015,"Social",3,2,901197.034946597,901197.034946597,0,1,NA,NA,NA,NA,NA,13.7114803070525,0,"Timor-Leste__2015"
"Timor-Leste",2017,"Social",4,1,1382805.78842516,1382805.78842516,0,1,NA,NA,NA,NA,NA,14.1396258962056,0,"Timor-Leste__2017"
"Timor-Leste",2020,"Social",10,6,848461.070713706,848461.070713706,0,1,NA,NA,NA,NA,NA,13.6511806610824,0,"Timor-Leste__2020"
"Timor-Leste",2021,"Social",15,6,2104587.12,2104587.12,0,1,NA,NA,NA,NA,NA,14.5596303384948,0,"Timor-Leste__2021"
"Togo",2013,"Social",2,1,275189.634633241,275189.634633241,0,1,29,NA,NA,2188.07,7.6907751557175,12.525219353333,0,"Togo__2013"
"Togo",2014,"Social",7,6,8617288.83226587,8617288.83226587,0,0.857142857142857,29,NA,NA,2253.4854,7.72023336329898,15.9692811885949,0,"Togo__2014"
"Togo",2014,"Strategic",3,3,211461469.052882,211461469.052882,1,1,29,NA,NA,2253.4854,7.72023336329898,19.1695533651639,1,"Togo__2014"
"Togo",2015,"Social",7,3,64807168.4899815,64807168.4899815,0.142857142857143,1,32,54.69216,0.43023092,2317.5479,7.74826496605058,17.9869267954798,0,"Togo__2015"
"Togo",2015,"Strategic",1,1,19606443.7476412,19606443.7476412,1,1,32,54.69216,0.43023092,2317.5479,7.74826496605058,16.7913688838085,1,"Togo__2015"
"Togo",2016,"Social",4,1,15929.5284958117,15929.5284958117,0,1,32,NA,NA,2355.2683,7.7644099277744,9.6759925784876,0,"Togo__2016"
"Togo",2016,"Strategic",4,4,171364521.819915,171364521.819915,0.75,0.75,32,NA,NA,2355.2683,7.7644099277744,18.959303557989,1,"Togo__2016"
"Togo",2017,"Social",3,1,17052864.1025332,17052864.1025332,0,1,32,NA,NA,2389.2124,7.77871905086645,16.6518287887808,0,"Togo__2017"
"Togo",2018,"Social",3,1,666814.673886539,666814.673886539,0,1,30,28.434795,0.42534238,2442.647,7.8008375663434,13.4102689357111,0,"Togo__2018"
"Togo",2019,"Social",7,2,1961404.40078097,1961404.40078097,0,1,NA,NA,NA,2501.0308,7.82445824587576,14.4891718154703,0,"Togo__2019"
"Togo",2020,"Social",10,2,36855.6210787841,36855.6210787841,0,1,NA,NA,NA,2490.053,7.82005927437279,10.5147905579711,0,"Togo__2020"
"Togo",2021,"Social",8,4,32472000,32472000,0,1,NA,26.59183,0.37858006,2577.202,7.85445959330019,17.2958887682966,0,"Togo__2021"
"Tonga",2013,"Social",2,1,91729.8782110803,91729.8782110803,0,1,NA,NA,NA,5951.6943,8.69143121430682,11.4266143323277,0,"Tonga__2013"
"Tonga",2014,"Strategic",1,1,8192504.71242281,8192504.71242281,0,1,NA,NA,NA,6096.869,8.71553063970028,15.9187303568295,1,"Tonga__2014"
"Tonga",2015,"Social",7,5,1224263.04098664,1224263.04098664,0,1,NA,1.7910179,0.33521304,6194.639,8.73143951956467,14.0178504385506,0,"Tonga__2015"
"Tonga",2017,"Social",5,1,30301828.8509937,30301828.8509937,0,1,NA,NA,NA,6862.669,8.83385171210836,17.226718659778,0,"Tonga__2017"
"Tonga",2018,"Social",13,4,13595809.4568425,13595809.4568425,0,1,NA,NA,NA,6896.042,8.83870290281222,16.4252722486038,0,"Tonga__2018"
"Tonga",2018,"Strategic",4,4,8589997.97289116,8589997.97289116,0,1,NA,NA,NA,6896.042,8.83870290281222,15.9661091743901,1,"Tonga__2018"
"Tonga",2019,"Social",5,4,1624599.09953565,1624599.09953565,0,0.8,NA,NA,NA,6875.0254,8.8356506170734,14.3007722508668,0,"Tonga__2019"
"Tonga",2020,"Social",4,3,3042539.14105694,3042539.14105694,0,0.75,NA,NA,NA,6995.3174,8.8529962613382,14.928203297202,0,"Tonga__2020"
"Tonga",2020,"Strategic",1,1,11815811.7643884,11815811.7643884,0,1,NA,NA,NA,6995.3174,8.8529962613382,16.2849492571291,1,"Tonga__2020"
"Trinidad and Tobago",2013,"Social",4,3,277691725.550497,277691725.550497,0.5,0.5,38,NA,NA,38620.574,10.5615404186375,19.442022159073,0,"Trinidad and Tobago__2013"
"Trinidad and Tobago",2015,"Social",2,2,1962220.94278488,1962220.94278488,0,1,39,NA,NA,39528.418,10.5847751352521,14.4895880333952,0,"Trinidad and Tobago__2015"
"Trinidad and Tobago",2018,"Social",3,2,11062646.619045,11062646.619045,0,1,41,NA,NA,34346.15,10.4442452098551,16.2190849123038,0,"Trinidad and Tobago__2018"
"Trinidad and Tobago",2019,"Social",4,1,191414.266667138,191414.266667138,0,1,NA,NA,NA,34349.13,10.4443319698188,12.1622005179713,0,"Trinidad and Tobago__2019"
"Trinidad and Tobago",2020,"Social",6,2,16523971.345682,16523971.345682,0,1,NA,NA,NA,31168.346,10.34715830751,16.6203227539124,0,"Trinidad and Tobago__2020"
"Trinidad and Tobago",2021,"Social",8,3,1954519.37984496,1954519.37984496,0,1,NA,NA,NA,30826.209,10.3361205486746,14.4856553913007,0,"Trinidad and Tobago__2021"
"Tunisia",2014,"Social",3,2,59303941.7359207,59303941.7359207,0,1,40,NA,NA,12752.9,9.45351397570391,17.8981863497159,0,"Tunisia__2014"
"Tunisia",2015,"Strategic",1,1,57404572.3150118,57404572.3150118,1,1,38,0.14006154,0.32815883,12731.791,9.4518573729358,17.8656345325935,1,"Tunisia__2015"
"Tunisia",2017,"Social",2,1,40926873.8460799,40926873.8460799,0,0.5,42,NA,NA,12881.717,9.46356429822711,17.5272974919273,0,"Tunisia__2017"
"Tunisia",2018,"Social",2,1,32956576.5433094,32956576.5433094,0,1,43,NA,NA,13090.62,9.47965122218259,17.3107014209427,0,"Tunisia__2018"
"Tunisia",2018,"Strategic",1,1,4957826.16721229,4957826.16721229,0,1,43,NA,NA,13090.62,9.47965122218259,15.4164781315934,1,"Tunisia__2018"
"Tunisia",2019,"Social",6,2,44599546.5067153,44599546.5067153,0,1,NA,NA,NA,13175.778,9.4861354228995,17.6132342713495,0,"Tunisia__2019"
"Tunisia",2019,"Strategic",1,1,26425503.9943743,26425503.9943743,1,1,NA,NA,NA,13175.778,9.4861354228995,17.0898402000157,1,"Tunisia__2019"
"Tunisia",2021,"Social",2,1,3600000,3600000,0,1,NA,0.27373365,0.33716425,12375.343,9.42346130422449,15.0964446812041,0,"Tunisia__2021"
"Turkey",2013,"Strategic",1,1,141004569.023729,141004569.023729,1,0,50,0.29810533,0.401785,23983.133,10.0851060705896,18.764302859333,1,"Turkey__2013"
"Turkey",2014,"Strategic",2,2,751348629.644496,751348629.644496,1,0,45,0.20468259,0.41236562,24830.574,10.119830995432,20.4373803239076,1,"Turkey__2014"
"Turkey",2015,"Strategic",3,3,769499467.037503,769499467.037503,1,0.666666666666667,42,0.21237287,0.42854458,25992.297,10.1655555038765,20.4612508199337,1,"Turkey__2015"
"Turkey",2016,"Social",5,2,153740746.988272,153740746.988272,0.4,1,41,0.20271698,0.41873705,26497.135,10.1847918929221,18.8507782871542,0,"Turkey__2016"
"Turkey",2016,"Strategic",2,2,642357652.547005,642357652.547005,1,1,41,0.20271698,0.41873705,26497.135,10.1847918929221,20.280655799288,1,"Turkey__2016"
"Turkey",2017,"Social",4,3,200946962.625837,200946962.625837,0.75,0.25,40,0.30056062,0.4353174,28117.953,10.2441635481113,19.1185515686475,0,"Turkey__2017"
"Turkey",2018,"Strategic",7,6,908862977.387211,908862977.387211,1,0.857142857142857,41,0.35439268,0.42441463,28575.762,10.2603141549741,20.6277049019316,1,"Turkey__2018"
"Turkey",2019,"Social",4,1,18875359.9959816,18875359.9959816,0.25,0.5,NA,0.45154127,0.4383382,28400.7,10.2541690717329,16.7533679785314,0,"Turkey__2019"
"Turkey",2019,"Strategic",12,12,3625674829.59465,3625674829.59465,1,0.0833333333333333,NA,0.45154127,0.4383382,28400.7,10.2541690717329,22.0113062680914,1,"Turkey__2019"
"Turkey",2020,"Strategic",3,3,88581129.1993693,88581129.1993693,1,0,NA,0.47089854,0.43045047,28649.55,10.2628930152132,18.2994294154586,1,"Turkey__2020"
"Turkey",2021,"Strategic",4,4,1480973137.11765,1480973137.11765,1,0,NA,0.44286466,0.44364843,31637.53,10.3620993530947,21.1159652344023,1,"Turkey__2021"
"Turkmenistan",2019,"Social",5,1,1617933.04165748,1617933.04165748,0,1,NA,NA,NA,15231.306,9.63110819401838,14.2966606104158,0,"Turkmenistan__2019"
"Uganda",2014,"Social",7,1,885676.18512679,885676.18512679,0,0.857142857142857,26,NA,NA,2470.504,7.81217745738994,13.6941078123226,0,"Uganda__2014"
"Uganda",2014,"Strategic",2,2,1408131557.52571,1408131557.52571,1,0,26,NA,NA,2470.504,7.81217745738994,21.0655295267703,1,"Uganda__2014"
"Uganda",2015,"Social",10,2,11526297.3961818,11526297.3961818,0,0.9,25,NA,NA,2520.02,7.83202211698191,16.2601417996061,0,"Uganda__2015"
"Uganda",2015,"Strategic",6,4,1237214908.96851,1237214908.96851,0.5,0.833333333333333,25,NA,NA,2520.02,7.83202211698191,20.9361286500835,1,"Uganda__2015"
"Uganda",2016,"Social",6,1,7084827.0501508,7084827.0501508,0,1,25,42.861576,0.42753503,2554.2278,7.84550522603707,15.7734661612501,0,"Uganda__2016"
"Uganda",2016,"Strategic",2,2,135883460.047765,135883460.047765,0.5,0.5,25,42.861576,0.42753503,2554.2278,7.84550522603707,18.7273081722876,1,"Uganda__2016"
"Uganda",2017,"Social",3,1,28720.3974820263,28720.3974820263,0,1,26,NA,NA,2543.8477,7.84143305631575,10.2653976808233,0,"Uganda__2017"
"Uganda",2018,"Social",12,6,43756572.478391,43756572.478391,0,1,26,NA,NA,2613.88,7.86859098647396,17.594152410416,0,"Uganda__2018"
"Uganda",2018,"Strategic",2,1,384522.150358739,384522.150358739,0,1,26,NA,NA,2613.88,7.86859098647396,12.8597592751108,1,"Uganda__2018"
"Uganda",2019,"Social",7,4,2119947.59522227,2119947.59522227,0,1,NA,42.11563,0.42702642,2689.4102,7.89707719205009,14.5669023988176,0,"Uganda__2019"
"Uganda",2019,"Strategic",2,1,236921782.306673,236921782.306673,0.5,1,NA,42.11563,0.42702642,2689.4102,7.89707719205009,19.2832406163862,1,"Uganda__2019"
"Uganda",2020,"Social",10,4,374401.128040482,374401.128040482,0,1,NA,NA,NA,2678.009,7.89282888696242,12.8330857074382,0,"Uganda__2020"
"Uganda",2020,"Strategic",3,3,509699954.062169,509699954.062169,1,0,NA,NA,NA,2678.009,7.89282888696242,20.049332787145,1,"Uganda__2020"
"Uganda",2021,"Social",8,4,28844586.5019939,28844586.5019939,0,1,NA,NA,NA,2684.9204,7.89540636032101,17.177432925068,0,"Uganda__2021"
"Uganda",2021,"Strategic",1,1,5000000,5000000,0,1,NA,NA,NA,2684.9204,7.89540636032101,15.4249486703984,1,"Uganda__2021"
"Ukraine",2013,"Social",3,1,3669195.12844321,3669195.12844321,0,0.666666666666667,25,0.004414646,0.24554986,17889.092,9.79194642060319,15.115483157467,0,"Ukraine__2013"
"Ukraine",2014,"Social",3,2,16440653.5397082,16440653.5397082,0,1,26,0.012276275,0.24025366,16978.812,9.73972149275339,16.6152677606506,0,"Ukraine__2014"
"Ukraine",2016,"Social",2,1,4442410.04278526,4442410.04278526,0,1,29,0.0983475,0.25002202,15856.8125,9.67135449768881,15.3067078146766,0,"Ukraine__2016"
"Ukraine",2018,"Strategic",3,2,324889054.970909,324889054.970909,1,0,32,0.009935224,0.26071486,16978.984,9.73973162297503,19.5989943157719,1,"Ukraine__2018"
"Ukraine",2019,"Social",9,2,169472253.343403,169472253.343403,0,0.777777777777778,NA,0,0.26619467,17636.555,9.77772901570369,18.9481997801966,0,"Ukraine__2019"
"Ukraine",2019,"Strategic",1,1,101423601.045074,101423601.045074,1,0,NA,0,0.26619467,17636.555,9.77772901570369,18.4348163838223,1,"Ukraine__2019"
"Ukraine",2020,"Social",19,12,2696664.4018046,2696664.4018046,0,1,NA,0.028825609,0.25627363,17092.54,9.7463973899929,14.80752653132,0,"Ukraine__2020"
"Uruguay",2013,"Social",1,1,564018.276094917,564018.276094917,0,1,73,0.17424801,0.40450785,28210.84,10.2474615802277,13.2428437073694,0,"Uruguay__2013"
"Uruguay",2014,"Social",2,1,1107095.23140848,1107095.23140848,0,1,73,0.15346177,0.40110928,29029.104,10.2760541919195,13.9172511378209,0,"Uruguay__2014"
"Uruguay",2014,"Strategic",1,1,48933609.2282551,48933609.2282551,1,1,73,0.15346177,0.40110928,29029.104,10.2760541919195,17.7059750440761,1,"Uruguay__2014"
"Uruguay",2015,"Social",2,2,34246239.0057017,34246239.0057017,0.5,1,74,0.14976595,0.40128586,29035.658,10.2762799398535,17.3490873357907,0,"Uruguay__2015"
"Uruguay",2015,"Strategic",2,2,62745304.8195896,62745304.8195896,1,1,74,0.14976595,0.40128586,29035.658,10.2762799398535,17.954594325522,1,"Uruguay__2015"
"Uruguay",2016,"Social",6,3,15620935.8258419,15620935.8258419,0,0.833333333333333,71,0.09227166,0.3969534,29427.865,10.2896972935739,16.5641226766235,0,"Uruguay__2016"
"Uruguay",2016,"Strategic",1,1,22789527.0113184,22789527.0113184,1,1,71,0.09227166,0.3969534,29427.865,10.2896972935739,16.941811690666,1,"Uruguay__2016"
"Uruguay",2017,"Social",1,1,8867489.33331731,8867489.33331731,0,1,70,0.06634591,0.39464375,29859.129,10.3042459012103,15.9979023755044,0,"Uruguay__2017"
"Uruguay",2017,"Strategic",2,2,60131927.3629205,60131927.3629205,1,1,70,0.06634591,0.39464375,29859.129,10.3042459012103,17.9120515123988,1,"Uruguay__2017"
"Uruguay",2018,"Social",6,2,8665395.34538335,8665395.34538335,0,0.5,70,0.055849954,0.39687112,29854.62,10.3040948807139,15.9748482210417,0,"Uruguay__2018"
"Uruguay",2019,"Social",7,1,179770.337961942,179770.337961942,0,0.142857142857143,NA,0.102072,0.3967629,30108.074,10.3125486539699,12.0994409776447,0,"Uruguay__2019"
"Uruguay",2020,"Social",20,18,209303.452478437,209303.452478437,0,1,NA,0.20679526,0.40155584,27871.6,10.2353635282289,12.2515451813967,0,"Uruguay__2020"
"Uruguay",2021,"Strategic",1,1,20000000,20000000,1,1,NA,0.112155,0.40776816,29441.477,10.2901597414213,16.8112428815183,1,"Uruguay__2021"
"Uzbekistan",2013,"Strategic",4,4,2395724029.54077,2395724029.54077,1,0.5,17,NA,NA,6797.775,8.82435063173832,21.5969513313259,1,"Uzbekistan__2013"
"Uzbekistan",2014,"Social",15,14,142319970.445163,142319970.445163,0.133333333333333,0.933333333333333,18,NA,NA,7145.11,8.87418348562685,18.7735884006836,0,"Uzbekistan__2014"
"Uzbekistan",2014,"Strategic",3,3,272800110.938027,272800110.938027,1,0.333333333333333,18,NA,NA,7145.11,8.87418348562685,19.4242498942635,1,"Uzbekistan__2014"
"Uzbekistan",2015,"Social",6,5,29527070.2356222,29527070.2356222,0.666666666666667,0.833333333333333,19,NA,NA,7529.7637,8.92661893915944,17.2008180695134,0,"Uzbekistan__2015"
"Uzbekistan",2016,"Social",4,2,22081044.3063033,22081044.3063033,0,0.75,21,NA,NA,7839.978,8.96699130721807,16.9102301200236,0,"Uzbekistan__2016"
"Uzbekistan",2017,"Strategic",10,10,582034479.729723,582034479.729723,1,0.5,22,NA,NA,8047.0537,8.99306130341826,20.1820402491809,1,"Uzbekistan__2017"
"Uzbekistan",2018,"Social",3,1,7084023.36121139,7084023.36121139,0,1,23,NA,NA,8348.961,9.02989237896498,15.7733527167851,0,"Uzbekistan__2018"
"Uzbekistan",2018,"Strategic",1,1,93509108.3679904,93509108.3679904,1,1,23,NA,NA,8348.961,9.02989237896498,18.3535694159089,1,"Uzbekistan__2018"
"Uzbekistan",2019,"Strategic",6,6,2412070990.80368,2412070990.80368,1,0.166666666666667,NA,NA,NA,8755.126,9.07739463639252,21.6037515481326,1,"Uzbekistan__2019"
"Uzbekistan",2020,"Social",11,4,5616557.09896271,5616557.09896271,0.0909090909090909,1,NA,NA,NA,8727.411,9.07422404127609,15.5412295963462,0,"Uzbekistan__2020"
"Uzbekistan",2021,"Strategic",3,3,530575000,530575000,1,1,NA,NA,NA,9247.644,9.13212409536153,20.0894718839707,1,"Uzbekistan__2021"
"Vanuatu",2013,"Social",4,2,16571984.9882208,16571984.9882208,0,0.75,NA,NA,NA,3292.2341,8.09932167105478,16.6232242366698,0,"Vanuatu__2013"
"Vanuatu",2014,"Social",5,3,28960488.2079042,28960488.2079042,0,1,NA,NA,NA,3320.3792,8.10783427225575,17.1814430178772,0,"Vanuatu__2014"
"Vanuatu",2014,"Strategic",2,2,160255944.175583,160255944.175583,1,1,NA,NA,NA,3320.3792,8.10783427225575,18.8922827524565,1,"Vanuatu__2014"
"Vanuatu",2015,"Social",8,1,11045.9196741399,11045.9196741399,0,0.875,NA,NA,NA,3259.1482,8.08922115187545,9.30990690556313,0,"Vanuatu__2015"
"Vanuatu",2016,"Social",6,2,2676956.42609486,2676956.42609486,0,0.833333333333333,NA,NA,NA,3336.8975,8.11279676206746,14.800191418788,0,"Vanuatu__2016"
"Vanuatu",2017,"Social",12,4,33047798.4550361,33047798.4550361,0,0.833333333333333,43,NA,NA,3465.9197,8.15073330209026,17.3134655397468,0,"Vanuatu__2017"
"Vanuatu",2017,"Strategic",1,1,1364229.12820266,1364229.12820266,0,1,43,NA,NA,3465.9197,8.15073330209026,14.1261008188458,1,"Vanuatu__2017"
"Vanuatu",2018,"Social",2,1,50444.5267929264,50444.5267929264,0,1,46,NA,NA,3482.0227,8.1553686395487,10.8286493557045,0,"Vanuatu__2018"
"Vanuatu",2018,"Strategic",1,1,57674008.9507915,57674008.9507915,1,1,46,NA,NA,3482.0227,8.1553686395487,17.870317195874,1,"Vanuatu__2018"
"Vanuatu",2020,"Social",10,6,1071719.26768274,1071719.26768274,0,0.9,NA,NA,NA,3259.9954,8.08948106331681,13.8847756422352,0,"Vanuatu__2020"
"Vanuatu",2021,"Social",8,6,4397228.69446064,4397228.69446064,0,1,NA,NA,NA,3135.8367,8.05065130741039,15.2964852857025,0,"Vanuatu__2021"
"Vanuatu",2021,"Strategic",2,2,63147776.9679299,63147776.9679299,0.5,1,NA,NA,NA,3135.8367,8.05065130741039,17.9609882195689,1,"Vanuatu__2021"
"Venezuela",2013,"Strategic",4,3,10610311809.8976,10610311809.8976,1,0.25,20,NA,NA,NA,NA,23.085092177538,1,"Venezuela__2013"
"Venezuela",2014,"Social",3,1,1796792.73658014,1796792.73658014,0.666666666666667,0.666666666666667,19,NA,NA,NA,NA,14.4015143770854,0,"Venezuela__2014"
"Venezuela",2014,"Strategic",12,2,2425645652.016,2425645652.016,1,0.5,19,NA,NA,NA,NA,21.6093635745644,1,"Venezuela__2014"
"Venezuela",2015,"Social",13,1,46013298.352737,46013298.352737,0,0.0769230769230769,17,NA,NA,NA,NA,17.6444410290311,0,"Venezuela__2015"
"Venezuela",2015,"Strategic",1,1,5611377847.89476,5611377847.89476,1,0,17,NA,NA,NA,NA,22.4480621321884,1,"Venezuela__2015"
"Venezuela",2018,"Strategic",1,1,272462436.969669,272462436.969669,1,1,18,NA,NA,NA,NA,19.4230113202533,1,"Venezuela__2018"
"Venezuela",2020,"Social",10,5,28089777.0773508,28089777.0773508,0,1,NA,NA,NA,NA,NA,17.1509162986345,0,"Venezuela__2020"
"Venezuela",2021,"Social",7,4,16054029.14,16054029.14,0,1,NA,NA,NA,NA,NA,16.5914704750856,0,"Venezuela__2021"
"Vietnam",2013,"Strategic",7,7,276076689.328246,276076689.328246,1,0.285714285714286,31,NA,NA,8324.198,9.02692197387167,19.4361892485926,1,"Vietnam__2013"
"Vietnam",2014,"Strategic",3,3,2550747413.16515,2550747413.16515,1,0,31,1.9120458,0.34755376,8751.883,9.07702415619946,21.6596522567645,1,"Vietnam__2014"
"Vietnam",2015,"Social",1,1,20479.3153534814,20479.3153534814,0,1,31,NA,NA,9248.024,9.1321651860645,9.9272194771541,0,"Vietnam__2015"
"Vietnam",2015,"Strategic",4,4,1635144282.12084,1635144282.12084,1,0.25,31,NA,NA,9248.024,9.1321651860645,21.2149968839592,1,"Vietnam__2015"
"Vietnam",2016,"Social",1,1,23011684.0216276,23011684.0216276,0,0,33,1.2634453,0.3526674,9743.188,9.18432365314393,16.9515126893011,0,"Vietnam__2016"
"Vietnam",2016,"Strategic",9,8,5163268482.86774,5163268482.86774,1,0,33,1.2634453,0.3526674,9743.188,9.18432365314393,22.3648356430158,1,"Vietnam__2016"
"Vietnam",2017,"Social",3,1,170528.641025333,170528.641025333,0,0.666666666666667,35,NA,NA,10290.549,9.23898118017457,12.0466644082519,0,"Vietnam__2017"
"Vietnam",2017,"Strategic",3,3,691170701.008101,691170701.008101,0.666666666666667,0.666666666666667,35,NA,NA,10290.549,9.23898118017457,20.3538973874147,1,"Vietnam__2017"
"Vietnam",2018,"Strategic",3,2,79559031.5951434,79559031.5951434,1,0,33,1.2314411,0.35715547,10936.894,9.29989712341663,18.1920098524385,1,"Vietnam__2018"
"Vietnam",2019,"Social",2,1,6769.24101348301,6769.24101348301,0,1,NA,NA,NA,11628.614,9.36122406386228,8.8202919654917,0,"Vietnam__2019"
"Vietnam",2019,"Strategic",11,11,2223159846.13309,2223159846.13309,1,0.0909090909090909,NA,NA,NA,11628.614,9.36122406386228,21.5221953753861,1,"Vietnam__2019"
"Vietnam",2020,"Social",7,2,212282.174264497,212282.174264497,0,0.714285714285714,NA,0.6537779,0.36790165,11851.396,9.38020094553188,12.2656763900263,0,"Vietnam__2020"
"Vietnam",2020,"Strategic",3,3,315571601.627299,315571601.627299,1,0.333333333333333,NA,0.6537779,0.36790165,11851.396,9.38020094553188,19.5698961638867,1,"Vietnam__2020"
"Vietnam",2021,"Social",8,8,35901120.1049222,35901120.1049222,0,1,NA,NA,NA,12048.902,9.39672881443514,17.3962790815203,0,"Vietnam__2021"
"Vietnam",2021,"Strategic",1,1,40500000,40500000,1,1,NA,NA,NA,12048.902,9.39672881443514,17.5168125567681,1,"Vietnam__2021"
"West Bank and Gaza Strip",2016,"Strategic",2,1,8884820.08557052,8884820.08557052,0,1,NA,NA,NA,NA,NA,15.999854882685,1,"West Bank and Gaza Strip__2016"
"West Bank and Gaza Strip",2017,"Strategic",2,1,9587453.4664145,9587453.4664145,0,1,NA,NA,NA,NA,NA,16.0759659753806,1,"West Bank and Gaza Strip__2017"
"West Bank and Gaza Strip",2019,"Social",2,1,561782.306131069,561782.306131069,0,1,NA,NA,NA,NA,NA,13.2388714782429,0,"West Bank and Gaza Strip__2019"
"West Bank and Gaza Strip",2021,"Social",2,2,2766894.8,2766894.8,0,1,NA,NA,NA,NA,NA,14.8332365999465,0,"West Bank and Gaza Strip__2021"
"Yemen",2013,"Social",4,1,5640182.76094917,5640182.76094917,0,1,18,NA,NA,NA,NA,15.545427204672,0,"Yemen__2013"
"Yemen",2014,"Social",5,1,35935.8547316028,35935.8547316028,0,0.8,19,19.802757,0.36707094,NA,NA,10.489518642084,0,"Yemen__2014"
"Yemen",2017,"Social",1,1,2304676.31404194,2304676.31404194,0,1,16,NA,NA,NA,NA,14.6504512307048,0,"Yemen__2017"
"Yemen",2020,"Social",4,4,11114851.1947196,11114851.1947196,0,1,NA,NA,NA,NA,NA,16.223792807471,0,"Yemen__2020"
"Zambia",2013,"Social",5,4,23155928.7048675,23155928.7048675,0,0.6,38,NA,NA,3535.2246,8.17053211238023,16.9577614484564,0,"Zambia__2013"
"Zambia",2013,"Strategic",4,4,787084625.685754,787084625.685754,1,0.5,38,NA,NA,3535.2246,8.17053211238023,20.4838463313322,1,"Zambia__2013"
"Zambia",2014,"Social",9,4,25135924.8812935,25135924.8812935,0,0.777777777777778,38,NA,NA,3585.5774,8.18467480003706,17.0398086907659,0,"Zambia__2014"
"Zambia",2014,"Strategic",6,5,671622789.556223,671622789.556223,0.833333333333333,0.5,38,NA,NA,3585.5774,8.18467480003706,20.3252074173093,1,"Zambia__2014"
"Zambia",2015,"Social",7,4,528186930.081741,528186930.081741,0.428571428571429,0.857142857142857,38,60.793095,0.5583758,3576.9255,8.18225891153304,20.0849608151542,0,"Zambia__2015"
"Zambia",2015,"Strategic",5,5,273274101.192474,273274101.192474,1,0.2,38,60.793095,0.5583758,3576.9255,8.18225891153304,19.425985886776,1,"Zambia__2015"
"Zambia",2016,"Social",13,8,1167836672.68761,1167836672.68761,0.384615384615385,0.923076923076923,38,NA,NA,3598.1716,8.18818110653606,20.8784188774032,0,"Zambia__2016"
"Zambia",2016,"Strategic",10,10,1452132487.02061,1452132487.02061,1,0.4,38,NA,NA,3598.1716,8.18818110653606,21.0962989943797,1,"Zambia__2016"
"Zambia",2017,"Social",12,4,3249393.35314362,3249393.35314362,0,0.916666666666667,37,NA,NA,3612.5059,8.19215696563735,14.9939791840612,0,"Zambia__2017"
"Zambia",2017,"Strategic",9,9,2234061050.00508,2234061050.00508,1,0.333333333333333,37,NA,NA,3612.5059,8.19215696563735,21.5270868653333,1,"Zambia__2017"
"Zambia",2018,"Social",10,7,503259918.077935,503259918.077935,0.3,0.7,35,NA,NA,3646.9597,8.2016491405694,20.0366173323305,0,"Zambia__2018"
"Zambia",2018,"Strategic",14,12,2358945271.12016,2358945271.12016,0.857142857142857,0.428571428571429,35,NA,NA,3646.9597,8.2016491405694,21.5814804374929,1,"Zambia__2018"
"Zambia",2019,"Social",6,4,123844534.614774,123844534.614774,0.333333333333333,0.666666666666667,NA,NA,NA,3591.5642,8.18634309689456,18.6345375919313,0,"Zambia__2019"
"Zambia",2020,"Social",3,3,610426.249883873,610426.249883873,0,1,NA,NA,NA,3391.5955,8.12905573862156,13.3219144006228,0,"Zambia__2020"
"Zambia",2021,"Social",7,4,19816700,19816700,0,1,NA,NA,NA,3503.035,8.16138501458349,16.8020356249798,0,"Zambia__2021"
"Zimbabwe",2013,"Social",6,2,78962.5586532884,78962.5586532884,0,0.666666666666667,21,NA,NA,3357.1282,8.11884118510996,11.2767417421557,0,"Zimbabwe__2013"
"Zimbabwe",2013,"Strategic",3,3,377005723.847747,377005723.847747,0.666666666666667,0.666666666666667,21,NA,NA,3357.1282,8.11884118510996,19.7477709305695,1,"Zimbabwe__2013"
"Zimbabwe",2014,"Social",4,1,33212.8569422546,33212.8569422546,0,1,21,NA,NA,3360.5522,8.11986058469215,10.4107224456055,0,"Zimbabwe__2014"
"Zimbabwe",2014,"Strategic",2,1,110709523.140848,110709523.140848,0.5,0.5,21,NA,NA,3360.5522,8.11986058469215,18.5224204295774,1,"Zimbabwe__2014"
"Zimbabwe",2015,"Social",6,3,30760674.3211501,30760674.3211501,0,0.833333333333333,21,NA,NA,3382.923,8.12649540765854,17.2417476568845,0,"Zimbabwe__2015"
"Zimbabwe",2015,"Strategic",1,1,1119694335.76892,1119694335.76892,1,0,21,NA,NA,3382.923,8.12649540765854,20.8363215714065,1,"Zimbabwe__2015"
"Zimbabwe",2016,"Social",2,1,59040.2254179233,59040.2254179233,0,1,22,NA,NA,3366.3442,8.12158262739562,10.9859912147826,0,"Zimbabwe__2016"
"Zimbabwe",2016,"Strategic",1,1,5904022.54179233,5904022.54179233,0,1,22,NA,NA,3366.3442,8.12158262739562,15.5911446326854,1,"Zimbabwe__2016"
"Zimbabwe",2017,"Social",3,1,115253487.323381,115253487.323381,0,1,22,34.206043,0.44337082,3453.5098,8.14714632622588,18.562644506831,0,"Zimbabwe__2017"
"Zimbabwe",2017,"Strategic",1,1,34570144.7106292,34570144.7106292,1,1,22,34.206043,0.44337082,3453.5098,8.14714632622588,17.3585010268334,1,"Zimbabwe__2017"
"Zimbabwe",2018,"Strategic",2,2,178760198.138202,178760198.138202,0.5,1,22,NA,NA,3572.9836,8.18115626803247,19.0015557960265,1,"Zimbabwe__2018"
"Zimbabwe",2019,"Social",7,2,93045.6538252018,93045.6538252018,0,1,NA,39.75453,0.5025645,3294.8062,8.10010262881839,11.4408563003835,0,"Zimbabwe__2019"
"Zimbabwe",2020,"Social",27,21,9468255.85611013,9468255.85611013,0,1,NA,NA,NA,2987.2698,8.00211513887762,16.0634553781148,0,"Zimbabwe__2020"
"Zimbabwe",2021,"Social",17,11,130806452.76,130806452.76,0.0588235294117647,1,NA,NA,NA,3184.7854,8.06614018740029,18.6892293364429,0,"Zimbabwe__2021"
